timestamp,open,high,low,close,volume
2025-03-07 04:00:00,20.26000000,20.58000000,20.21000000,20.35000000,81491.53000000
2025-03-07 05:00:00,20.34000000,20.76000000,20.31000000,20.59000000,73993.66000000
2025-03-07 06:00:00,20.59000000,20.74000000,20.43000000,20.64000000,62183.40000000
2025-03-07 07:00:00,20.64000000,20.80000000,20.58000000,20.74000000,66916.45000000
2025-03-07 08:00:00,20.73000000,20.77000000,20.45000000,20.52000000,56759.38000000
2025-03-07 09:00:00,20.52000000,20.91000000,20.51000000,20.67000000,109063.28000000
2025-03-07 10:00:00,20.67000000,20.83000000,20.60000000,20.79000000,71882.64000000
2025-03-07 11:00:00,20.79000000,20.90000000,20.69000000,20.79000000,56585.88000000
2025-03-07 12:00:00,20.80000000,20.82000000,20.44000000,20.57000000,115398.50000000
2025-03-07 13:00:00,20.58000000,21.10000000,20.52000000,20.69000000,358739.87000000
2025-03-07 14:00:00,20.69000000,21.14000000,20.49000000,20.87000000,282193.34000000
2025-03-07 15:00:00,20.86000000,21.09000000,20.46000000,20.72000000,246921.32000000
2025-03-07 16:00:00,20.71000000,20.77000000,20.01000000,20.19000000,378671.03000000
2025-03-07 17:00:00,20.20000000,20.75000000,20.14000000,20.52000000,178322.63000000
2025-03-07 18:00:00,20.52000000,21.14000000,20.46000000,21.07000000,222573.94000000
2025-03-07 19:00:00,21.07000000,21.20000000,20.67000000,20.83000000,185792.68000000
2025-03-07 20:00:00,20.82000000,20.96000000,20.49000000,20.67000000,239769.48000000
2025-03-07 21:00:00,20.67000000,20.71000000,20.10000000,20.30000000,336115.96000000
2025-03-07 22:00:00,20.30000000,20.45000000,20.06000000,20.28000000,114664.84000000
2025-03-07 23:00:00,20.28000000,20.29000000,19.94000000,20.14000000,126291.27000000
2025-03-08 00:00:00,20.14000000,20.24000000,19.98000000,20.21000000,62734.88000000
2025-03-08 01:00:00,20.20000000,20.23000000,19.70000000,19.83000000,137232.20000000
2025-03-08 02:00:00,19.84000000,19.89000000,19.72000000,19.85000000,142188.38000000
2025-03-08 03:00:00,19.85000000,19.91000000,19.62000000,19.87000000,52231.20000000
2025-03-08 04:00:00,19.86000000,20.07000000,19.75000000,20.03000000,53525.31000000
2025-03-08 05:00:00,20.03000000,20.05000000,19.80000000,19.87000000,34095.22000000
2025-03-08 06:00:00,19.88000000,19.98000000,19.80000000,19.88000000,33057.67000000
2025-03-08 07:00:00,19.88000000,19.98000000,19.73000000,19.80000000,32750.82000000
2025-03-08 08:00:00,19.80000000,19.85000000,19.67000000,19.71000000,36123.45000000
2025-03-08 09:00:00,19.71000000,19.83000000,19.53000000,19.61000000,64493.85000000
2025-03-08 10:00:00,19.62000000,19.82000000,19.60000000,19.71000000,42043.97000000
2025-03-08 11:00:00,19.70000000,19.70000000,19.42000000,19.53000000,79462.64000000
2025-03-08 12:00:00,19.54000000,19.83000000,19.46000000,19.74000000,120241.86000000
2025-03-08 13:00:00,19.75000000,20.31000000,19.71000000,20.20000000,154436.98000000
2025-03-08 14:00:00,20.20000000,21.10000000,20.14000000,20.40000000,679344.72000000
2025-03-08 15:00:00,20.40000000,20.69000000,20.38000000,20.47000000,114680.60000000
2025-03-08 16:00:00,20.48000000,20.67000000,20.31000000,20.60000000,93407.69000000
2025-03-08 17:00:00,20.60000000,20.60000000,20.27000000,20.44000000,96618.74000000
2025-03-08 18:00:00,20.44000000,20.61000000,20.34000000,20.57000000,50593.16000000
2025-03-08 19:00:00,20.58000000,20.87000000,20.51000000,20.83000000,78323.50000000
2025-03-08 20:00:00,20.83000000,20.97000000,20.76000000,20.77000000,89858.10000000
2025-03-08 21:00:00,20.78000000,20.83000000,20.58000000,20.62000000,69547.79000000
2025-03-08 22:00:00,20.63000000,20.65000000,20.35000000,20.56000000,58870.68000000
2025-03-08 23:00:00,20.57000000,20.61000000,20.39000000,20.49000000,32514.68000000
2025-03-09 00:00:00,20.50000000,20.69000000,20.44000000,20.57000000,32128.30000000
2025-03-09 01:00:00,20.57000000,20.64000000,20.31000000,20.39000000,32626.67000000
2025-03-09 02:00:00,20.38000000,20.41000000,20.25000000,20.27000000,30070.67000000
2025-03-09 03:00:00,20.27000000,20.36000000,20.22000000,20.27000000,28449.97000000
2025-03-09 04:00:00,20.27000000,20.35000000,20.22000000,20.33000000,22823.72000000
2025-03-09 05:00:00,20.33000000,20.37000000,20.21000000,20.24000000,28709.83000000
2025-03-09 06:00:00,20.24000000,20.24000000,20.04000000,20.08000000,65785.33000000
2025-03-09 07:00:00,20.08000000,20.30000000,20.05000000,20.15000000,32752.58000000
2025-03-09 08:00:00,20.15000000,20.16000000,19.97000000,19.97000000,36886.19000000
2025-03-09 09:00:00,19.97000000,20.02000000,19.93000000,19.96000000,39491.77000000
2025-03-09 10:00:00,19.95000000,20.07000000,19.64000000,19.65000000,81444.85000000
2025-03-09 11:00:00,19.66000000,19.81000000,19.61000000,19.72000000,75892.19000000
2025-03-09 12:00:00,19.72000000,19.72000000,19.50000000,19.64000000,95077.25000000
2025-03-09 13:00:00,19.63000000,19.72000000,19.33000000,19.34000000,111612.64000000
2025-03-09 14:00:00,19.34000000,19.45000000,19.24000000,19.39000000,121168.13000000
2025-03-09 15:00:00,19.40000000,19.44000000,19.09000000,19.17000000,93209.78000000
2025-03-09 16:00:00,19.18000000,19.36000000,18.75000000,18.76000000,257545.04000000
2025-03-09 17:00:00,18.77000000,18.78000000,18.06000000,18.11000000,449340.41000000
2025-03-09 18:00:00,18.10000000,18.36000000,17.76000000,18.07000000,513962.16000000
2025-03-09 19:00:00,18.07000000,18.35000000,17.97000000,18.25000000,172009.18000000
2025-03-09 20:00:00,18.25000000,18.44000000,18.16000000,18.35000000,111447.27000000
2025-03-09 21:00:00,18.34000000,18.40000000,17.96000000,17.99000000,100883.93000000
2025-03-09 22:00:00,17.99000000,18.06000000,17.85000000,17.94000000,149757.22000000
2025-03-09 23:00:00,17.95000000,18.15000000,17.76000000,17.97000000,170393.98000000
2025-03-10 00:00:00,17.98000000,18.26000000,17.64000000,18.18000000,205729.04000000
2025-03-10 01:00:00,18.18000000,18.38000000,18.10000000,18.20000000,128027.28000000
2025-03-10 02:00:00,18.20000000,18.49000000,18.12000000,18.28000000,118793.94000000
2025-03-10 03:00:00,18.29000000,18.31000000,18.09000000,18.17000000,57107.44000000
2025-03-10 04:00:00,18.18000000,18.44000000,18.16000000,18.44000000,52888.55000000
2025-03-10 05:00:00,18.43000000,18.46000000,18.20000000,18.25000000,56894.00000000
2025-03-10 06:00:00,18.26000000,18.31000000,18.16000000,18.29000000,47969.94000000
2025-03-10 07:00:00,18.29000000,18.48000000,18.26000000,18.41000000,82392.10000000
2025-03-10 08:00:00,18.41000000,18.41000000,18.00000000,18.10000000,132513.43000000
2025-03-10 09:00:00,18.10000000,19.06000000,18.08000000,18.51000000,301715.41000000
2025-03-10 10:00:00,18.51000000,18.58000000,18.25000000,18.49000000,88044.46000000
2025-03-10 11:00:00,18.50000000,18.93000000,18.44000000,18.85000000,146213.48000000
2025-03-10 12:00:00,18.85000000,18.99000000,18.70000000,18.83000000,227343.49000000
2025-03-10 13:00:00,18.83000000,18.84000000,18.17000000,18.23000000,245539.84000000
2025-03-10 14:00:00,18.22000000,18.22000000,17.40000000,17.56000000,491658.50000000
2025-03-10 15:00:00,17.57000000,18.05000000,17.47000000,17.80000000,191620.91000000
2025-03-10 16:00:00,17.79000000,17.87000000,17.33000000,17.41000000,391374.65000000
2025-03-10 17:00:00,17.41000000,17.47000000,16.78000000,16.85000000,551998.66000000
2025-03-10 18:00:00,16.85000000,17.11000000,16.24000000,16.25000000,556610.95000000
2025-03-10 19:00:00,16.25000000,17.04000000,16.14000000,16.91000000,614538.83000000
2025-03-10 20:00:00,16.91000000,16.97000000,16.50000000,16.70000000,279865.50000000
2025-03-10 21:00:00,16.70000000,16.87000000,16.59000000,16.64000000,222682.26000000
2025-03-10 22:00:00,16.65000000,16.73000000,16.38000000,16.47000000,166100.16000000
2025-03-10 23:00:00,16.46000000,16.59000000,16.23000000,16.26000000,237054.45000000
2025-03-11 00:00:00,16.26000000,16.52000000,15.30000000,15.63000000,815908.83000000
2025-03-11 01:00:00,15.63000000,16.17000000,15.27000000,16.16000000,631875.30000000
2025-03-11 02:00:00,16.16000000,16.51000000,16.04000000,16.43000000,341229.19000000
2025-03-11 03:00:00,16.43000000,17.06000000,16.36000000,16.58000000,580006.90000000
2025-03-11 04:00:00,16.59000000,16.96000000,16.53000000,16.66000000,312563.26000000
2025-03-11 05:00:00,16.66000000,17.08000000,16.63000000,16.91000000,203234.90000000
2025-03-11 06:00:00,16.91000000,17.05000000,16.77000000,16.79000000,152974.38000000
2025-03-11 07:00:00,16.79000000,17.10000000,16.78000000,16.97000000,145333.19000000
2025-03-11 08:00:00,16.96000000,17.30000000,16.88000000,17.15000000,227185.66000000
2025-03-11 09:00:00,17.15000000,17.35000000,17.14000000,17.15000000,147311.80000000
2025-03-11 10:00:00,17.15000000,17.32000000,17.11000000,17.25000000,115523.27000000
2025-03-11 11:00:00,17.25000000,17.46000000,17.10000000,17.36000000,118959.05000000
2025-03-11 12:00:00,17.36000000,17.39000000,16.98000000,17.05000000,243755.14000000
2025-03-11 13:00:00,17.05000000,17.49000000,16.81000000,17.12000000,462578.15000000
2025-03-11 14:00:00,17.13000000,17.28000000,16.50000000,16.63000000,543818.71000000
2025-03-11 15:00:00,16.63000000,17.48000000,16.61000000,17.36000000,486252.80000000
2025-03-11 16:00:00,17.37000000,17.63000000,17.21000000,17.37000000,310121.71000000
2025-03-11 17:00:00,17.37000000,17.44000000,16.95000000,17.16000000,247512.07000000
2025-03-11 18:00:00,17.16000000,17.91000000,17.16000000,17.79000000,542013.43000000
2025-03-11 19:00:00,17.78000000,17.86000000,17.62000000,17.77000000,395852.61000000
2025-03-11 20:00:00,17.77000000,17.84000000,17.61000000,17.65000000,136112.45000000
2025-03-11 21:00:00,17.65000000,17.84000000,17.65000000,17.74000000,122315.82000000
2025-03-11 22:00:00,17.73000000,17.89000000,17.72000000,17.79000000,105183.10000000
2025-03-11 23:00:00,17.79000000,17.80000000,17.45000000,17.51000000,80435.42000000
2025-03-12 00:00:00,17.51000000,17.59000000,17.27000000,17.37000000,77627.69000000
2025-03-12 01:00:00,17.38000000,17.83000000,17.37000000,17.65000000,79847.03000000
2025-03-12 02:00:00,17.66000000,17.72000000,17.30000000,17.33000000,72237.46000000
2025-03-12 03:00:00,17.34000000,17.41000000,17.06000000,17.08000000,102288.96000000
2025-03-12 04:00:00,17.09000000,17.15000000,16.95000000,17.09000000,93745.61000000
2025-03-12 05:00:00,17.10000000,17.33000000,17.08000000,17.29000000,48121.99000000
2025-03-12 06:00:00,17.28000000,17.32000000,17.09000000,17.22000000,55255.96000000
2025-03-12 07:00:00,17.22000000,17.59000000,17.21000000,17.56000000,247468.92000000
2025-03-12 08:00:00,17.55000000,18.00000000,17.47000000,17.86000000,256820.25000000
2025-03-12 09:00:00,17.86000000,18.04000000,17.68000000,17.88000000,177460.56000000
2025-03-12 10:00:00,17.88000000,17.96000000,17.67000000,17.88000000,91654.58000000
2025-03-12 11:00:00,17.88000000,18.25000000,17.88000000,18.23000000,111609.17000000
2025-03-12 12:00:00,18.23000000,18.81000000,18.15000000,18.79000000,417795.24000000
2025-03-12 13:00:00,18.79000000,18.85000000,18.28000000,18.41000000,643825.03000000
2025-03-12 14:00:00,18.40000000,18.51000000,17.84000000,17.87000000,305728.07000000
2025-03-12 15:00:00,17.88000000,18.05000000,17.52000000,17.98000000,202153.52000000
2025-03-12 16:00:00,17.98000000,18.38000000,17.95000000,18.27000000,126902.65000000
2025-03-12 17:00:00,18.28000000,18.57000000,18.06000000,18.11000000,111901.34000000
2025-03-12 18:00:00,18.11000000,18.58000000,18.08000000,18.48000000,90032.00000000
2025-03-12 19:00:00,18.49000000,18.60000000,18.32000000,18.41000000,112634.44000000
2025-03-12 20:00:00,18.41000000,18.60000000,18.35000000,18.59000000,70712.89000000
2025-03-12 21:00:00,18.60000000,18.73000000,18.46000000,18.53000000,76268.13000000
2025-03-12 22:00:00,18.54000000,18.86000000,18.54000000,18.73000000,97559.53000000
2025-03-12 23:00:00,18.72000000,18.98000000,18.65000000,18.91000000,121025.47000000
2025-03-13 00:00:00,18.92000000,19.11000000,18.88000000,18.96000000,145871.01000000
2025-03-13 01:00:00,18.96000000,19.18000000,18.73000000,19.05000000,104364.82000000
2025-03-13 02:00:00,19.05000000,19.19000000,18.94000000,19.01000000,75496.56000000
2025-03-13 03:00:00,19.02000000,19.17000000,18.84000000,18.86000000,66233.82000000
2025-03-13 04:00:00,18.86000000,19.09000000,18.83000000,18.92000000,88095.48000000
2025-03-13 05:00:00,18.91000000,19.14000000,18.73000000,18.77000000,103271.26000000
2025-03-13 06:00:00,18.78000000,18.84000000,18.56000000,18.78000000,100872.14000000
2025-03-13 07:00:00,18.78000000,18.97000000,18.66000000,18.79000000,120849.05000000
2025-03-13 08:00:00,18.80000000,18.96000000,18.62000000,18.90000000,85985.37000000
2025-03-13 09:00:00,18.91000000,19.30000000,18.85000000,19.23000000,169611.71000000
2025-03-13 10:00:00,19.22000000,19.33000000,18.91000000,19.02000000,144630.62000000
2025-03-13 11:00:00,19.03000000,19.07000000,18.92000000,19.02000000,83251.38000000
2025-03-13 12:00:00,19.02000000,19.20000000,18.62000000,18.69000000,232774.41000000
2025-03-13 13:00:00,18.70000000,18.90000000,18.31000000,18.36000000,209670.83000000
2025-03-13 14:00:00,18.36000000,18.74000000,18.30000000,18.52000000,154453.12000000
2025-03-13 15:00:00,18.53000000,18.59000000,18.30000000,18.38000000,114694.97000000
2025-03-13 16:00:00,18.39000000,18.46000000,18.19000000,18.26000000,102063.50000000
2025-03-13 17:00:00,18.25000000,18.28000000,17.92000000,17.94000000,123298.07000000
2025-03-13 18:00:00,17.95000000,18.36000000,17.93000000,18.30000000,122132.53000000
2025-03-13 19:00:00,18.29000000,18.43000000,18.09000000,18.17000000,67836.46000000
2025-03-13 20:00:00,18.17000000,18.23000000,17.92000000,17.97000000,128520.83000000
2025-03-13 21:00:00,17.97000000,18.03000000,17.73000000,17.97000000,199015.33000000
2025-03-13 22:00:00,17.96000000,18.61000000,17.93000000,18.58000000,99968.55000000
2025-03-13 23:00:00,18.58000000,18.91000000,18.46000000,18.50000000,167248.54000000
2025-03-14 00:00:00,18.51000000,18.80000000,18.46000000,18.68000000,130606.50000000
2025-03-14 01:00:00,18.69000000,18.84000000,18.55000000,18.63000000,61982.89000000
2025-03-14 02:00:00,18.62000000,18.84000000,18.59000000,18.81000000,60777.96000000
2025-03-14 03:00:00,18.82000000,18.90000000,18.68000000,18.76000000,47217.80000000
2025-03-14 04:00:00,18.76000000,18.88000000,18.67000000,18.69000000,58111.80000000
2025-03-14 05:00:00,18.70000000,18.71000000,18.58000000,18.64000000,38782.84000000
2025-03-14 06:00:00,18.65000000,18.67000000,18.49000000,18.55000000,35937.43000000
2025-03-14 07:00:00,18.55000000,18.74000000,18.49000000,18.66000000,68150.85000000
2025-03-14 08:00:00,18.66000000,19.13000000,18.66000000,18.82000000,168436.35000000
2025-03-14 09:00:00,18.82000000,18.89000000,18.67000000,18.69000000,75961.34000000
2025-03-14 10:00:00,18.69000000,18.79000000,18.58000000,18.68000000,58158.95000000
2025-03-14 11:00:00,18.68000000,18.86000000,18.63000000,18.77000000,34091.17000000
2025-03-14 12:00:00,18.77000000,18.81000000,18.56000000,18.68000000,46132.71000000
2025-03-14 13:00:00,18.68000000,18.86000000,18.55000000,18.75000000,98929.18000000
2025-03-14 14:00:00,18.74000000,18.96000000,18.51000000,18.89000000,214781.81000000
2025-03-14 15:00:00,18.89000000,19.30000000,18.89000000,19.01000000,208907.30000000
2025-03-14 16:00:00,19.00000000,19.09000000,18.77000000,18.98000000,100544.88000000
2025-03-14 17:00:00,18.97000000,19.05000000,18.83000000,18.89000000,59030.59000000
2025-03-14 18:00:00,18.89000000,19.09000000,18.79000000,19.07000000,92859.19000000
2025-03-14 19:00:00,19.08000000,19.31000000,18.87000000,18.99000000,133819.47000000
2025-03-14 20:00:00,18.99000000,19.11000000,18.56000000,18.85000000,568556.71000000
2025-03-14 21:00:00,18.85000000,18.85000000,18.65000000,18.81000000,121458.83000000
2025-03-14 22:00:00,18.81000000,18.95000000,18.75000000,18.92000000,65843.78000000
2025-03-14 23:00:00,18.92000000,18.92000000,18.52000000,18.58000000,74613.23000000
2025-03-15 00:00:00,18.58000000,18.67000000,18.44000000,18.60000000,118857.78000000
2025-03-15 01:00:00,18.60000000,18.62000000,18.37000000,18.48000000,77113.10000000
2025-03-15 02:00:00,18.48000000,18.59000000,18.38000000,18.56000000,56115.95000000
2025-03-15 03:00:00,18.56000000,18.65000000,18.51000000,18.63000000,65038.82000000
2025-03-15 04:00:00,18.62000000,18.85000000,18.54000000,18.79000000,65493.17000000
2025-03-15 05:00:00,18.79000000,18.88000000,18.72000000,18.75000000,54828.58000000
2025-03-15 06:00:00,18.76000000,18.90000000,18.62000000,18.71000000,97041.38000000
2025-03-15 07:00:00,18.71000000,18.82000000,18.50000000,18.61000000,202825.84000000
2025-03-15 08:00:00,18.61000000,18.66000000,18.43000000,18.59000000,227873.01000000
2025-03-15 09:00:00,18.59000000,18.63000000,18.46000000,18.58000000,132187.21000000
2025-03-15 10:00:00,18.57000000,18.58000000,18.45000000,18.52000000,43497.91000000
2025-03-15 11:00:00,18.51000000,18.63000000,18.45000000,18.56000000,49540.19000000
2025-03-15 12:00:00,18.55000000,18.66000000,18.50000000,18.55000000,49399.29000000
2025-03-15 13:00:00,18.54000000,18.73000000,18.53000000,18.66000000,75927.37000000
2025-03-15 14:00:00,18.66000000,18.66000000,18.42000000,18.47000000,81967.17000000
2025-03-15 15:00:00,18.46000000,18.62000000,18.45000000,18.56000000,109660.99000000
2025-03-15 16:00:00,18.55000000,18.71000000,18.48000000,18.60000000,53958.03000000
2025-03-15 17:00:00,18.60000000,18.72000000,18.58000000,18.68000000,60779.08000000
2025-03-15 18:00:00,18.67000000,18.76000000,18.55000000,18.58000000,98084.37000000
2025-03-15 19:00:00,18.57000000,18.62000000,18.47000000,18.62000000,43703.88000000
2025-03-15 20:00:00,18.62000000,19.26000000,18.62000000,19.07000000,347338.44000000
2025-03-15 21:00:00,19.07000000,19.30000000,19.00000000,19.12000000,225916.32000000
2025-03-15 22:00:00,19.13000000,19.40000000,19.12000000,19.28000000,135341.05000000
2025-03-15 23:00:00,19.29000000,19.47000000,19.28000000,19.40000000,77929.41000000
2025-03-16 00:00:00,19.39000000,19.42000000,19.15000000,19.18000000,85003.65000000
2025-03-16 01:00:00,19.18000000,19.39000000,19.05000000,19.06000000,103390.77000000
2025-03-16 02:00:00,19.06000000,19.18000000,18.96000000,19.16000000,105503.78000000
2025-03-16 03:00:00,19.17000000,19.73000000,19.17000000,19.70000000,151119.53000000
2025-03-16 04:00:00,19.69000000,19.85000000,19.59000000,19.71000000,95530.87000000
2025-03-16 05:00:00,19.71000000,19.80000000,19.54000000,19.60000000,65894.66000000
2025-03-16 06:00:00,19.60000000,19.62000000,19.42000000,19.42000000,43365.59000000
2025-03-16 07:00:00,19.42000000,19.49000000,19.28000000,19.35000000,43552.25000000
2025-03-16 08:00:00,19.36000000,19.41000000,19.24000000,19.28000000,64382.58000000
2025-03-16 09:00:00,19.28000000,19.32000000,19.01000000,19.02000000,60392.56000000
2025-03-16 10:00:00,19.03000000,19.12000000,18.76000000,18.77000000,92140.54000000
2025-03-16 11:00:00,18.76000000,18.78000000,18.33000000,18.42000000,189621.42000000
2025-03-16 12:00:00,18.41000000,18.71000000,18.41000000,18.57000000,72243.47000000
2025-03-16 13:00:00,18.57000000,18.66000000,18.18000000,18.25000000,93437.82000000
2025-03-16 14:00:00,18.24000000,18.55000000,18.23000000,18.53000000,105228.55000000
2025-03-16 15:00:00,18.53000000,18.57000000,18.36000000,18.50000000,66168.57000000
2025-03-16 16:00:00,18.50000000,19.07000000,18.42000000,18.72000000,272109.25000000
2025-03-16 17:00:00,18.71000000,18.85000000,18.62000000,18.76000000,64631.10000000
2025-03-16 18:00:00,18.76000000,18.77000000,18.55000000,18.58000000,63829.87000000
2025-03-16 19:00:00,18.58000000,18.60000000,18.22000000,18.33000000,120949.53000000
2025-03-16 20:00:00,18.34000000,18.44000000,18.26000000,18.41000000,49057.83000000
2025-03-16 21:00:00,18.41000000,18.47000000,18.31000000,18.37000000,40469.60000000
2025-03-16 22:00:00,18.37000000,18.40000000,18.18000000,18.19000000,74323.08000000
2025-03-16 23:00:00,18.20000000,18.35000000,18.12000000,18.25000000,48552.88000000
2025-03-17 00:00:00,18.26000000,18.60000000,18.22000000,18.53000000,88491.74000000
2025-03-17 01:00:00,18.54000000,18.65000000,18.44000000,18.58000000,53270.04000000
2025-03-17 02:00:00,18.58000000,18.72000000,18.52000000,18.62000000,63117.94000000
2025-03-17 03:00:00,18.63000000,18.73000000,18.57000000,18.62000000,45330.67000000
2025-03-17 04:00:00,18.63000000,18.74000000,18.59000000,18.61000000,42258.73000000
2025-03-17 05:00:00,18.62000000,18.64000000,18.49000000,18.49000000,47481.39000000
2025-03-17 06:00:00,18.49000000,18.54000000,18.25000000,18.44000000,109507.31000000
2025-03-17 07:00:00,18.44000000,18.63000000,18.42000000,18.62000000,94171.79000000
2025-03-17 08:00:00,18.61000000,18.67000000,18.41000000,18.61000000,69410.93000000
2025-03-17 09:00:00,18.60000000,18.69000000,18.52000000,18.62000000,56638.07000000
2025-03-17 10:00:00,18.62000000,18.67000000,18.51000000,18.65000000,50070.48000000
2025-03-17 11:00:00,18.64000000,18.74000000,18.55000000,18.62000000,46363.27000000
2025-03-17 12:00:00,18.62000000,18.83000000,18.45000000,18.47000000,220654.07000000
2025-03-17 13:00:00,18.46000000,18.60000000,18.34000000,18.39000000,117218.51000000
2025-03-17 14:00:00,18.38000000,18.49000000,18.24000000,18.30000000,160264.21000000
2025-03-17 15:00:00,18.31000000,18.52000000,18.20000000,18.47000000,121614.10000000
2025-03-17 16:00:00,18.46000000,18.63000000,18.39000000,18.46000000,97465.42000000
2025-03-17 17:00:00,18.45000000,18.78000000,18.43000000,18.70000000,108803.05000000
2025-03-17 18:00:00,18.70000000,19.03000000,18.69000000,19.03000000,133882.83000000
2025-03-17 19:00:00,19.03000000,19.09000000,18.92000000,18.94000000,92683.01000000
2025-03-17 20:00:00,18.95000000,18.98000000,18.76000000,18.81000000,51791.15000000
2025-03-17 21:00:00,18.81000000,18.91000000,18.72000000,18.84000000,57553.95000000
2025-03-17 22:00:00,18.84000000,18.95000000,18.83000000,18.85000000,33023.68000000
2025-03-17 23:00:00,18.85000000,18.89000000,18.70000000,18.82000000,27266.80000000
2025-03-18 00:00:00,18.83000000,18.93000000,18.71000000,18.81000000,61687.49000000
2025-03-18 01:00:00,18.82000000,18.95000000,18.49000000,18.55000000,91957.09000000
2025-03-18 02:00:00,18.55000000,18.75000000,18.50000000,18.70000000,51790.55000000
2025-03-18 03:00:00,18.71000000,18.73000000,18.40000000,18.57000000,73087.56000000
2025-03-18 04:00:00,18.58000000,18.74000000,18.54000000,18.68000000,34038.33000000
2025-03-18 05:00:00,18.68000000,19.00000000,18.68000000,18.95000000,65188.63000000
2025-03-18 06:00:00,18.95000000,19.04000000,18.44000000,18.51000000,128505.32000000
2025-03-18 07:00:00,18.51000000,18.91000000,18.46000000,18.83000000,82595.96000000
2025-03-18 08:00:00,18.82000000,19.22000000,18.81000000,19.11000000,162132.28000000
2025-03-18 09:00:00,19.12000000,19.28000000,18.96000000,18.98000000,115393.39000000
2025-03-18 10:00:00,18.99000000,19.12000000,18.87000000,18.99000000,102361.90000000
2025-03-18 11:00:00,19.00000000,19.06000000,18.71000000,18.79000000,85414.98000000
2025-03-18 12:00:00,18.79000000,18.91000000,18.65000000,18.70000000,79470.87000000
2025-03-18 13:00:00,18.71000000,18.81000000,18.39000000,18.48000000,197903.91000000
2025-03-18 14:00:00,18.47000000,18.76000000,18.37000000,18.71000000,134735.74000000
2025-03-18 15:00:00,18.72000000,18.73000000,18.41000000,18.45000000,95454.57000000
2025-03-18 16:00:00,18.45000000,18.72000000,18.34000000,18.55000000,115734.82000000
2025-03-18 17:00:00,18.55000000,18.61000000,18.36000000,18.40000000,85480.12000000
2025-03-18 18:00:00,18.41000000,18.54000000,18.32000000,18.45000000,53384.68000000
2025-03-18 19:00:00,18.46000000,18.69000000,18.40000000,18.66000000,61739.02000000
2025-03-18 20:00:00,18.66000000,18.71000000,18.51000000,18.63000000,53297.87000000
2025-03-18 21:00:00,18.63000000,18.64000000,18.46000000,18.52000000,74724.02000000
2025-03-18 22:00:00,18.52000000,18.83000000,18.49000000,18.79000000,65231.08000000
2025-03-18 23:00:00,18.79000000,19.08000000,18.79000000,18.97000000,96713.04000000
2025-03-19 00:00:00,18.97000000,19.20000000,18.95000000,19.09000000,99385.69000000
2025-03-19 01:00:00,19.10000000,19.20000000,18.87000000,18.87000000,78408.28000000
2025-03-19 02:00:00,18.87000000,19.06000000,18.84000000,19.03000000,52372.24000000
2025-03-19 03:00:00,19.03000000,19.23000000,18.99000000,19.19000000,68519.25000000
2025-03-19 04:00:00,19.20000000,19.25000000,19.09000000,19.13000000,62132.28000000
2025-03-19 05:00:00,19.14000000,19.33000000,19.04000000,19.21000000,97885.43000000
2025-03-19 06:00:00,19.21000000,19.24000000,19.08000000,19.16000000,61173.88000000
2025-03-19 07:00:00,19.15000000,19.17000000,18.90000000,18.91000000,86030.27000000
2025-03-19 08:00:00,18.91000000,19.12000000,18.89000000,19.11000000,67485.73000000
2025-03-19 09:00:00,19.10000000,19.18000000,18.99000000,19.11000000,78927.34000000
2025-03-19 10:00:00,19.12000000,19.32000000,19.02000000,19.21000000,144105.24000000
2025-03-19 11:00:00,19.21000000,19.67000000,19.19000000,19.54000000,216203.36000000
2025-03-19 12:00:00,19.55000000,19.65000000,19.30000000,19.38000000,155361.29000000
2025-03-19 13:00:00,19.37000000,19.71000000,19.31000000,19.60000000,324971.83000000
2025-03-19 14:00:00,19.61000000,19.83000000,19.50000000,19.70000000,204174.12000000
2025-03-19 15:00:00,19.70000000,19.96000000,19.66000000,19.86000000,153527.40000000
2025-03-19 16:00:00,19.85000000,19.91000000,19.63000000,19.75000000,121998.35000000
2025-03-19 17:00:00,19.75000000,19.75000000,19.44000000,19.64000000,148643.01000000
2025-03-19 18:00:00,19.64000000,20.10000000,19.47000000,20.01000000,327046.55000000
2025-03-19 19:00:00,20.01000000,20.09000000,19.48000000,19.59000000,236500.96000000
2025-03-19 20:00:00,19.59000000,19.72000000,19.38000000,19.47000000,188441.89000000
2025-03-19 21:00:00,19.47000000,19.61000000,19.40000000,19.44000000,83731.56000000
2025-03-19 22:00:00,19.45000000,19.66000000,19.41000000,19.58000000,98558.06000000
2025-03-19 23:00:00,19.58000000,19.79000000,19.53000000,19.74000000,87540.38000000
2025-03-20 00:00:00,19.74000000,19.86000000,19.40000000,19.42000000,191556.04000000
2025-03-20 01:00:00,19.43000000,19.51000000,19.28000000,19.35000000,66673.97000000
2025-03-20 02:00:00,19.35000000,19.40000000,19.26000000,19.36000000,59039.44000000
2025-03-20 03:00:00,19.37000000,19.39000000,19.26000000,19.28000000,21959.30000000
2025-03-20 04:00:00,19.28000000,19.30000000,19.14000000,19.19000000,45204.45000000
2025-03-20 05:00:00,19.20000000,19.25000000,19.11000000,19.23000000,33503.59000000
2025-03-20 06:00:00,19.24000000,19.30000000,19.10000000,19.16000000,58501.69000000
2025-03-20 07:00:00,19.16000000,19.22000000,19.08000000,19.14000000,64394.97000000
2025-03-20 08:00:00,19.13000000,19.33000000,19.08000000,19.30000000,73798.38000000
2025-03-20 09:00:00,19.30000000,19.31000000,19.05000000,19.09000000,84986.46000000
2025-03-20 10:00:00,19.09000000,19.10000000,18.74000000,18.79000000,159921.17000000
2025-03-20 11:00:00,18.80000000,18.89000000,18.77000000,18.85000000,51410.25000000
2025-03-20 12:00:00,18.84000000,18.95000000,18.75000000,18.92000000,65240.98000000
2025-03-20 13:00:00,18.92000000,18.98000000,18.80000000,18.89000000,59679.80000000
2025-03-20 14:00:00,18.88000000,19.19000000,18.88000000,19.18000000,120219.50000000
2025-03-20 15:00:00,19.18000000,19.20000000,18.75000000,18.78000000,146697.96000000
2025-03-20 16:00:00,18.77000000,18.88000000,18.41000000,18.51000000,238633.24000000
2025-03-20 17:00:00,18.51000000,18.68000000,18.47000000,18.65000000,87157.66000000
2025-03-20 18:00:00,18.65000000,18.76000000,18.60000000,18.63000000,51437.04000000
2025-03-20 19:00:00,18.63000000,18.77000000,18.59000000,18.71000000,33356.47000000
2025-03-20 20:00:00,18.71000000,18.79000000,18.67000000,18.77000000,35537.21000000
2025-03-20 21:00:00,18.76000000,18.80000000,18.67000000,18.71000000,32859.78000000
2025-03-20 22:00:00,18.71000000,18.75000000,18.64000000,18.68000000,29887.87000000
2025-03-20 23:00:00,18.68000000,18.76000000,18.62000000,18.74000000,23619.52000000
2025-03-21 00:00:00,18.75000000,18.97000000,18.73000000,18.95000000,44908.87000000
2025-03-21 01:00:00,18.95000000,19.11000000,18.92000000,19.10000000,57340.48000000
2025-03-21 02:00:00,19.10000000,19.12000000,18.95000000,19.01000000,26558.39000000
2025-03-21 03:00:00,19.01000000,19.02000000,18.80000000,18.80000000,34827.42000000
2025-03-21 04:00:00,18.81000000,18.97000000,18.80000000,18.93000000,28355.42000000
2025-03-21 05:00:00,18.94000000,19.01000000,18.84000000,19.00000000,35205.93000000
2025-03-21 06:00:00,19.00000000,19.01000000,18.87000000,18.92000000,35429.56000000
2025-03-21 07:00:00,18.93000000,18.94000000,18.68000000,18.76000000,54835.76000000
2025-03-21 08:00:00,18.75000000,18.88000000,18.60000000,18.64000000,78058.50000000
2025-03-21 09:00:00,18.64000000,18.77000000,18.55000000,18.62000000,54156.69000000
2025-03-21 10:00:00,18.63000000,18.68000000,18.45000000,18.56000000,57769.55000000
2025-03-21 11:00:00,18.57000000,18.59000000,18.43000000,18.52000000,81961.70000000
2025-03-21 12:00:00,18.52000000,18.64000000,18.38000000,18.41000000,79108.59000000
2025-03-21 13:00:00,18.41000000,18.60000000,18.36000000,18.56000000,57586.79000000
2025-03-21 14:00:00,18.55000000,18.62000000,18.41000000,18.60000000,42732.65000000
2025-03-21 15:00:00,18.61000000,18.63000000,18.44000000,18.49000000,29083.61000000
2025-03-21 16:00:00,18.49000000,18.67000000,18.40000000,18.67000000,61165.47000000
2025-03-21 17:00:00,18.66000000,18.85000000,18.60000000,18.76000000,45097.67000000
2025-03-21 18:00:00,18.76000000,18.90000000,18.67000000,18.82000000,69200.76000000
2025-03-21 19:00:00,18.82000000,18.90000000,18.79000000,18.89000000,35041.14000000
2025-03-21 20:00:00,18.89000000,19.16000000,18.86000000,19.14000000,88497.06000000
2025-03-21 21:00:00,19.14000000,19.49000000,19.14000000,19.23000000,184462.99000000
2025-03-21 22:00:00,19.23000000,19.31000000,19.09000000,19.15000000,80965.98000000
2025-03-21 23:00:00,19.15000000,19.23000000,19.10000000,19.18000000,36463.99000000
2025-03-22 00:00:00,19.19000000,19.41000000,19.16000000,19.30000000,77845.36000000
2025-03-22 01:00:00,19.30000000,19.40000000,19.11000000,19.12000000,53201.00000000
2025-03-22 02:00:00,19.12000000,19.29000000,19.08000000,19.24000000,35512.00000000
2025-03-22 03:00:00,19.25000000,19.34000000,19.22000000,19.31000000,41572.24000000
2025-03-22 04:00:00,19.30000000,19.46000000,19.30000000,19.42000000,31592.13000000
2025-03-22 05:00:00,19.42000000,19.48000000,19.36000000,19.41000000,43804.44000000
2025-03-22 06:00:00,19.41000000,19.48000000,19.35000000,19.43000000,29590.62000000
2025-03-22 07:00:00,19.43000000,19.49000000,19.35000000,19.37000000,27038.45000000
2025-03-22 08:00:00,19.37000000,19.47000000,19.33000000,19.38000000,39288.83000000
2025-03-22 09:00:00,19.39000000,19.65000000,19.39000000,19.51000000,79746.04000000
2025-03-22 10:00:00,19.52000000,19.61000000,19.52000000,19.57000000,30005.05000000
2025-03-22 11:00:00,19.57000000,19.60000000,19.41000000,19.46000000,36699.22000000
2025-03-22 12:00:00,19.45000000,19.50000000,19.39000000,19.44000000,40330.07000000
2025-03-22 13:00:00,19.44000000,19.47000000,19.30000000,19.42000000,36911.60000000
2025-03-22 14:00:00,19.42000000,19.43000000,19.27000000,19.31000000,32505.43000000
2025-03-22 15:00:00,19.30000000,19.58000000,19.30000000,19.55000000,42076.74000000
2025-03-22 16:00:00,19.54000000,19.60000000,19.48000000,19.54000000,40885.27000000
2025-03-22 17:00:00,19.53000000,19.60000000,19.48000000,19.54000000,31743.32000000
2025-03-22 18:00:00,19.55000000,19.62000000,19.51000000,19.59000000,43212.93000000
2025-03-22 19:00:00,19.59000000,19.71000000,19.55000000,19.64000000,35135.68000000
2025-03-22 20:00:00,19.65000000,19.74000000,19.62000000,19.63000000,43396.38000000
2025-03-22 21:00:00,19.62000000,19.69000000,19.49000000,19.51000000,56208.19000000
2025-03-22 22:00:00,19.52000000,19.59000000,19.46000000,19.46000000,44767.11000000
2025-03-22 23:00:00,19.46000000,19.49000000,19.34000000,19.43000000,51678.24000000
2025-03-23 00:00:00,19.43000000,19.48000000,19.35000000,19.38000000,38631.75000000
2025-03-23 01:00:00,19.37000000,19.59000000,19.33000000,19.56000000,40102.99000000
2025-03-23 02:00:00,19.56000000,19.69000000,19.46000000,19.69000000,33296.61000000
2025-03-23 03:00:00,19.69000000,19.72000000,19.56000000,19.71000000,22299.51000000
2025-03-23 04:00:00,19.72000000,19.72000000,19.53000000,19.56000000,25268.49000000
2025-03-23 05:00:00,19.57000000,19.59000000,19.46000000,19.53000000,24061.16000000
2025-03-23 06:00:00,19.53000000,19.62000000,19.48000000,19.60000000,33023.34000000
2025-03-23 07:00:00,19.60000000,19.68000000,19.55000000,19.58000000,31657.35000000
2025-03-23 08:00:00,19.59000000,19.62000000,19.52000000,19.54000000,21883.82000000
2025-03-23 09:00:00,19.54000000,19.58000000,19.49000000,19.53000000,24159.27000000
2025-03-23 10:00:00,19.52000000,19.62000000,19.48000000,19.57000000,38356.22000000
2025-03-23 11:00:00,19.58000000,19.78000000,19.58000000,19.63000000,59563.30000000
2025-03-23 12:00:00,19.63000000,19.70000000,19.51000000,19.55000000,58309.28000000
2025-03-23 13:00:00,19.56000000,19.65000000,19.47000000,19.62000000,31546.20000000
2025-03-23 14:00:00,19.63000000,19.68000000,19.45000000,19.46000000,44286.36000000
2025-03-23 15:00:00,19.46000000,19.56000000,19.44000000,19.48000000,55833.54000000
2025-03-23 16:00:00,19.49000000,19.60000000,19.42000000,19.53000000,86308.09000000
2025-03-23 17:00:00,19.52000000,19.64000000,19.39000000,19.46000000,40017.70000000
2025-03-23 18:00:00,19.46000000,19.48000000,19.31000000,19.41000000,37895.05000000
2025-03-23 19:00:00,19.41000000,19.52000000,19.37000000,19.49000000,28059.55000000
2025-03-23 20:00:00,19.50000000,19.57000000,19.45000000,19.46000000,26513.28000000
2025-03-23 21:00:00,19.46000000,19.47000000,19.34000000,19.43000000,19365.53000000
2025-03-23 22:00:00,19.44000000,19.63000000,19.44000000,19.53000000,41571.60000000
2025-03-23 23:00:00,19.54000000,19.85000000,19.53000000,19.82000000,69903.87000000
2025-03-24 00:00:00,19.82000000,20.29000000,19.78000000,20.17000000,225783.73000000
2025-03-24 01:00:00,20.17000000,20.25000000,19.97000000,20.11000000,122575.26000000
2025-03-24 02:00:00,20.11000000,20.56000000,20.10000000,20.48000000,142946.35000000
2025-03-24 03:00:00,20.48000000,21.17000000,20.43000000,21.14000000,251406.82000000
2025-03-24 04:00:00,21.15000000,21.55000000,21.14000000,21.50000000,259317.06000000
2025-03-24 05:00:00,21.51000000,21.69000000,21.45000000,21.56000000,211826.18000000
2025-03-24 06:00:00,21.57000000,21.84000000,21.53000000,21.58000000,195054.66000000
2025-03-24 07:00:00,21.59000000,21.69000000,21.47000000,21.52000000,141824.06000000
2025-03-24 08:00:00,21.52000000,21.92000000,21.51000000,21.78000000,115410.10000000
2025-03-24 09:00:00,21.78000000,21.94000000,21.74000000,21.88000000,89781.67000000
2025-03-24 10:00:00,21.88000000,21.93000000,21.75000000,21.78000000,93181.03000000
2025-03-24 11:00:00,21.77000000,21.87000000,21.65000000,21.68000000,121969.18000000
2025-03-24 12:00:00,21.69000000,21.99000000,21.53000000,21.90000000,211379.69000000
2025-03-24 13:00:00,21.91000000,21.95000000,21.76000000,21.86000000,96985.28000000
2025-03-24 14:00:00,21.86000000,22.14000000,21.59000000,21.62000000,286011.86000000
2025-03-24 15:00:00,21.62000000,21.71000000,21.42000000,21.54000000,207859.94000000
2025-03-24 16:00:00,21.53000000,21.58000000,21.24000000,21.35000000,92188.12000000
2025-03-24 17:00:00,21.34000000,21.51000000,21.34000000,21.41000000,81897.78000000
2025-03-24 18:00:00,21.41000000,21.46000000,21.29000000,21.43000000,59178.58000000
2025-03-24 19:00:00,21.44000000,21.51000000,21.35000000,21.38000000,47087.85000000
2025-03-24 20:00:00,21.39000000,21.49000000,21.27000000,21.30000000,42385.91000000
2025-03-24 21:00:00,21.30000000,21.43000000,21.25000000,21.35000000,40682.76000000
2025-03-24 22:00:00,21.36000000,21.39000000,21.24000000,21.31000000,62618.55000000
2025-03-24 23:00:00,21.31000000,21.51000000,21.27000000,21.48000000,86762.34000000
2025-03-25 00:00:00,21.49000000,21.68000000,21.40000000,21.67000000,92620.28000000
2025-03-25 01:00:00,21.67000000,21.68000000,21.36000000,21.46000000,109976.98000000
2025-03-25 02:00:00,21.46000000,21.57000000,21.39000000,21.41000000,43657.16000000
2025-03-25 03:00:00,21.41000000,21.52000000,21.33000000,21.36000000,56675.71000000
2025-03-25 04:00:00,21.35000000,21.63000000,21.29000000,21.59000000,62030.35000000
2025-03-25 05:00:00,21.59000000,21.79000000,21.50000000,21.71000000,65771.45000000
2025-03-25 06:00:00,21.70000000,21.86000000,21.66000000,21.82000000,76688.48000000
2025-03-25 07:00:00,21.82000000,21.94000000,21.74000000,21.85000000,55844.74000000
2025-03-25 08:00:00,21.85000000,22.07000000,21.84000000,22.02000000,62767.42000000
2025-03-25 09:00:00,22.03000000,22.16000000,21.92000000,22.04000000,74405.44000000
2025-03-25 10:00:00,22.04000000,22.19000000,21.93000000,22.15000000,54122.29000000
2025-03-25 11:00:00,22.14000000,22.41000000,22.14000000,22.33000000,136413.53000000
2025-03-25 12:00:00,22.34000000,22.49000000,22.13000000,22.15000000,176452.04000000
2025-03-25 13:00:00,22.15000000,22.59000000,22.14000000,22.43000000,160331.55000000
2025-03-25 14:00:00,22.44000000,22.67000000,22.34000000,22.64000000,112705.12000000
2025-03-25 15:00:00,22.63000000,22.81000000,22.44000000,22.48000000,134888.69000000
2025-03-25 16:00:00,22.49000000,22.77000000,22.43000000,22.57000000,128721.94000000
2025-03-25 17:00:00,22.57000000,22.98000000,22.57000000,22.91000000,103456.15000000
2025-03-25 18:00:00,22.90000000,23.09000000,22.82000000,23.01000000,127183.57000000
2025-03-25 19:00:00,23.01000000,23.23000000,22.91000000,23.04000000,142643.74000000
2025-03-25 20:00:00,23.05000000,23.46000000,23.01000000,23.33000000,186164.66000000
2025-03-25 21:00:00,23.33000000,23.46000000,23.02000000,23.12000000,154741.89000000
2025-03-25 22:00:00,23.12000000,23.17000000,22.79000000,22.92000000,108513.27000000
2025-03-25 23:00:00,22.92000000,22.95000000,22.77000000,22.90000000,53423.04000000
2025-03-26 00:00:00,22.91000000,23.25000000,22.88000000,23.09000000,102524.56000000
2025-03-26 01:00:00,23.08000000,23.20000000,22.94000000,23.15000000,67095.41000000
2025-03-26 02:00:00,23.14000000,23.14000000,22.74000000,22.77000000,106526.32000000
2025-03-26 03:00:00,22.76000000,22.83000000,22.54000000,22.59000000,80400.20000000
2025-03-26 04:00:00,22.60000000,22.74000000,22.58000000,22.65000000,36766.77000000
2025-03-26 05:00:00,22.66000000,22.77000000,22.54000000,22.69000000,59272.25000000
2025-03-26 06:00:00,22.69000000,22.79000000,22.56000000,22.74000000,46916.26000000
2025-03-26 07:00:00,22.74000000,22.88000000,22.63000000,22.85000000,67755.43000000
2025-03-26 08:00:00,22.84000000,22.91000000,22.73000000,22.74000000,46526.50000000
2025-03-26 09:00:00,22.73000000,22.82000000,22.64000000,22.68000000,35036.38000000
2025-03-26 10:00:00,22.68000000,22.87000000,22.66000000,22.80000000,41122.04000000
2025-03-26 11:00:00,22.80000000,22.98000000,22.78000000,22.86000000,49236.47000000
2025-03-26 12:00:00,22.85000000,22.88000000,22.55000000,22.67000000,80990.42000000
2025-03-26 13:00:00,22.67000000,22.67000000,22.22000000,22.24000000,140658.17000000
2025-03-26 14:00:00,22.23000000,22.40000000,21.96000000,22.17000000,267970.20000000
2025-03-26 15:00:00,22.17000000,22.28000000,22.08000000,22.17000000,72702.01000000
2025-03-26 16:00:00,22.17000000,22.48000000,22.13000000,22.22000000,61488.59000000
2025-03-26 17:00:00,22.21000000,22.24000000,22.00000000,22.08000000,62965.69000000
2025-03-26 18:00:00,22.09000000,22.14000000,21.87000000,21.97000000,191712.61000000
2025-03-26 19:00:00,21.98000000,22.16000000,21.83000000,22.07000000,95083.32000000
2025-03-26 20:00:00,22.06000000,22.29000000,22.05000000,22.18000000,56222.56000000
2025-03-26 21:00:00,22.18000000,22.19000000,21.85000000,22.12000000,76663.26000000
2025-03-26 22:00:00,22.11000000,22.13000000,21.92000000,22.03000000,45759.55000000
2025-03-26 23:00:00,22.04000000,22.12000000,21.94000000,22.04000000,45964.33000000
2025-03-27 00:00:00,22.05000000,22.27000000,21.99000000,22.26000000,83958.84000000
2025-03-27 01:00:00,22.27000000,22.29000000,22.09000000,22.23000000,58229.95000000
2025-03-27 02:00:00,22.23000000,22.38000000,22.20000000,22.29000000,55880.70000000
2025-03-27 03:00:00,22.29000000,22.29000000,22.14000000,22.17000000,58594.13000000
2025-03-27 04:00:00,22.18000000,22.19000000,22.01000000,22.05000000,53835.32000000
2025-03-27 05:00:00,22.05000000,22.09000000,21.95000000,21.98000000,34460.97000000
2025-03-27 06:00:00,21.98000000,22.15000000,21.92000000,22.05000000,37748.26000000
2025-03-27 07:00:00,22.06000000,22.14000000,21.99000000,22.08000000,30172.71000000
2025-03-27 08:00:00,22.08000000,22.12000000,21.87000000,21.97000000,60830.52000000
2025-03-27 09:00:00,21.97000000,22.07000000,21.86000000,22.02000000,55986.76000000
2025-03-27 10:00:00,22.02000000,22.20000000,21.98000000,21.99000000,81771.67000000
2025-03-27 11:00:00,21.99000000,22.10000000,21.82000000,21.87000000,59758.67000000
2025-03-27 12:00:00,21.88000000,22.03000000,21.74000000,22.00000000,91337.96000000
2025-03-27 13:00:00,22.00000000,22.06000000,21.63000000,21.87000000,140922.85000000
2025-03-27 14:00:00,21.87000000,22.29000000,21.82000000,22.28000000,92769.77000000
2025-03-27 15:00:00,22.28000000,22.28000000,21.87000000,21.92000000,107952.44000000
2025-03-27 16:00:00,21.93000000,22.05000000,21.90000000,21.93000000,48968.60000000
2025-03-27 17:00:00,21.93000000,22.02000000,21.82000000,21.82000000,55457.93000000
2025-03-27 18:00:00,21.83000000,22.13000000,21.81000000,22.03000000,39335.00000000
2025-03-27 19:00:00,22.03000000,22.12000000,21.98000000,22.00000000,35435.82000000
2025-03-27 20:00:00,22.01000000,22.08000000,21.91000000,22.06000000,58307.07000000
2025-03-27 21:00:00,22.06000000,22.24000000,22.04000000,22.18000000,47911.86000000
2025-03-27 22:00:00,22.18000000,22.20000000,22.03000000,22.04000000,21378.90000000
2025-03-27 23:00:00,22.04000000,22.10000000,21.97000000,22.02000000,53091.59000000
2025-03-28 00:00:00,22.03000000,22.19000000,21.95000000,22.16000000,62879.54000000
2025-03-28 01:00:00,22.16000000,22.18000000,21.99000000,22.05000000,67450.07000000
2025-03-28 02:00:00,22.05000000,22.10000000,21.80000000,21.81000000,41386.77000000
2025-03-28 03:00:00,21.82000000,21.82000000,21.65000000,21.77000000,63386.75000000
2025-03-28 04:00:00,21.78000000,21.82000000,21.27000000,21.44000000,201511.96000000
2025-03-28 05:00:00,21.43000000,21.55000000,21.15000000,21.19000000,99827.35000000
2025-03-28 06:00:00,21.18000000,21.31000000,21.01000000,21.03000000,82236.46000000
2025-03-28 07:00:00,21.04000000,21.11000000,20.67000000,20.71000000,186369.49000000
2025-03-28 08:00:00,20.71000000,20.80000000,20.58000000,20.66000000,74517.24000000
2025-03-28 09:00:00,20.67000000,20.69000000,20.43000000,20.44000000,68503.03000000
2025-03-28 10:00:00,20.44000000,20.60000000,20.34000000,20.36000000,84790.93000000
2025-03-28 11:00:00,20.36000000,20.59000000,20.18000000,20.57000000,292674.37000000
2025-03-28 12:00:00,20.56000000,20.64000000,20.29000000,20.29000000,113479.34000000
2025-03-28 13:00:00,20.30000000,20.47000000,20.15000000,20.16000000,89417.21000000
2025-03-28 14:00:00,20.16000000,20.31000000,20.05000000,20.20000000,96105.77000000
2025-03-28 15:00:00,20.20000000,20.23000000,19.97000000,19.98000000,114076.76000000
2025-03-28 16:00:00,19.97000000,20.03000000,19.77000000,19.82000000,134049.74000000
2025-03-28 17:00:00,19.81000000,19.98000000,19.81000000,19.90000000,49464.98000000
2025-03-28 18:00:00,19.90000000,19.98000000,19.83000000,19.90000000,48019.58000000
2025-03-28 19:00:00,19.89000000,19.95000000,19.79000000,19.81000000,33955.23000000
2025-03-28 20:00:00,19.81000000,19.98000000,19.78000000,19.83000000,70463.95000000
2025-03-28 21:00:00,19.82000000,20.25000000,19.80000000,20.17000000,105586.15000000
2025-03-28 22:00:00,20.17000000,20.61000000,20.15000000,20.60000000,88424.44000000
2025-03-28 23:00:00,20.60000000,20.60000000,20.35000000,20.36000000,58328.37000000
2025-03-29 00:00:00,20.37000000,20.54000000,20.33000000,20.40000000,61212.98000000
2025-03-29 01:00:00,20.39000000,20.43000000,20.26000000,20.30000000,43043.26000000
2025-03-29 02:00:00,20.29000000,20.36000000,20.15000000,20.18000000,39637.96000000
2025-03-29 03:00:00,20.18000000,20.52000000,20.08000000,20.43000000,70629.14000000
2025-03-29 04:00:00,20.44000000,20.53000000,20.30000000,20.36000000,30632.08000000
2025-03-29 05:00:00,20.35000000,20.36000000,20.15000000,20.24000000,39526.92000000
2025-03-29 06:00:00,20.23000000,20.24000000,20.04000000,20.11000000,49772.05000000
2025-03-29 07:00:00,20.12000000,20.15000000,19.81000000,19.87000000,84950.46000000
2025-03-29 08:00:00,19.87000000,20.18000000,19.82000000,20.13000000,58630.39000000
2025-03-29 09:00:00,20.12000000,20.16000000,19.84000000,20.07000000,70820.83000000
2025-03-29 10:00:00,20.07000000,20.08000000,19.89000000,19.92000000,46575.62000000
2025-03-29 11:00:00,19.91000000,20.02000000,19.65000000,19.86000000,194130.63000000
2025-03-29 12:00:00,19.87000000,20.15000000,19.82000000,20.14000000,96222.21000000
2025-03-29 13:00:00,20.13000000,20.32000000,20.10000000,20.29000000,81570.07000000
2025-03-29 14:00:00,20.29000000,20.30000000,19.96000000,20.01000000,135837.30000000
2025-03-29 15:00:00,20.01000000,20.15000000,19.98000000,20.00000000,34181.75000000
2025-03-29 16:00:00,20.00000000,20.07000000,19.87000000,19.91000000,101195.26000000
2025-03-29 17:00:00,19.90000000,20.06000000,19.67000000,19.83000000,142664.42000000
2025-03-29 18:00:00,19.83000000,20.00000000,19.77000000,19.81000000,54546.67000000
2025-03-29 19:00:00,19.81000000,19.90000000,19.68000000,19.87000000,71819.75000000
2025-03-29 20:00:00,19.87000000,19.91000000,19.62000000,19.64000000,91241.15000000
2025-03-29 21:00:00,19.64000000,19.78000000,19.53000000,19.65000000,95094.89000000
2025-03-29 22:00:00,19.64000000,19.69000000,19.50000000,19.52000000,33366.89000000
2025-03-29 23:00:00,19.51000000,19.71000000,19.46000000,19.60000000,102013.54000000
2025-03-30 00:00:00,19.60000000,19.64000000,19.37000000,19.57000000,101950.53000000
2025-03-30 01:00:00,19.57000000,19.80000000,19.56000000,19.66000000,68837.08000000
2025-03-30 02:00:00,19.66000000,19.89000000,19.64000000,19.82000000,76333.73000000
2025-03-30 03:00:00,19.83000000,19.91000000,19.64000000,19.66000000,60821.02000000
2025-03-30 04:00:00,19.67000000,19.75000000,19.61000000,19.63000000,30326.04000000
2025-03-30 05:00:00,19.63000000,19.69000000,19.45000000,19.47000000,53141.44000000
2025-03-30 06:00:00,19.46000000,19.58000000,19.35000000,19.52000000,70474.85000000
2025-03-30 07:00:00,19.53000000,19.65000000,19.44000000,19.45000000,37952.19000000
2025-03-30 08:00:00,19.45000000,19.63000000,19.42000000,19.61000000,36066.32000000
2025-03-30 09:00:00,19.61000000,19.71000000,19.52000000,19.55000000,82258.92000000
2025-03-30 10:00:00,19.55000000,19.58000000,19.22000000,19.24000000,119138.31000000
2025-03-30 11:00:00,19.24000000,19.43000000,19.18000000,19.35000000,77019.42000000
2025-03-30 12:00:00,19.36000000,19.48000000,19.26000000,19.38000000,48266.28000000
2025-03-30 13:00:00,19.39000000,19.39000000,19.07000000,19.09000000,124830.26000000
2025-03-30 14:00:00,19.08000000,19.35000000,19.05000000,19.33000000,108469.43000000
2025-03-30 15:00:00,19.33000000,19.46000000,19.28000000,19.31000000,93078.25000000
2025-03-30 16:00:00,19.31000000,19.40000000,19.02000000,19.05000000,109297.48000000
2025-03-30 17:00:00,19.04000000,19.13000000,18.99000000,19.05000000,70952.42000000
2025-03-30 18:00:00,19.06000000,19.28000000,19.04000000,19.27000000,71373.38000000
2025-03-30 19:00:00,19.28000000,19.38000000,19.10000000,19.12000000,70079.39000000
2025-03-30 20:00:00,19.12000000,19.15000000,19.03000000,19.06000000,48328.33000000
2025-03-30 21:00:00,19.07000000,19.17000000,18.84000000,18.93000000,75456.58000000
2025-03-30 22:00:00,18.93000000,19.11000000,18.69000000,19.00000000,144286.99000000
2025-03-30 23:00:00,19.00000000,19.01000000,18.75000000,18.86000000,68947.28000000
2025-03-31 00:00:00,18.87000000,18.89000000,18.47000000,18.61000000,129640.34000000
2025-03-31 01:00:00,18.62000000,18.98000000,18.59000000,18.92000000,106802.56000000
2025-03-31 02:00:00,18.92000000,19.03000000,18.77000000,18.89000000,55339.06000000
2025-03-31 03:00:00,18.89000000,18.96000000,18.61000000,18.63000000,42252.25000000
2025-03-31 04:00:00,18.64000000,18.81000000,18.51000000,18.75000000,65584.83000000
2025-03-31 05:00:00,18.75000000,18.95000000,18.73000000,18.78000000,44462.19000000
2025-03-31 06:00:00,18.78000000,18.83000000,18.61000000,18.67000000,53067.95000000
2025-03-31 07:00:00,18.67000000,18.78000000,18.44000000,18.57000000,76899.51000000
2025-03-31 08:00:00,18.56000000,18.73000000,18.40000000,18.43000000,82854.41000000
2025-03-31 09:00:00,18.44000000,18.52000000,18.20000000,18.27000000,142996.94000000
2025-03-31 10:00:00,18.28000000,18.63000000,18.18000000,18.59000000,114838.43000000
2025-03-31 11:00:00,18.59000000,18.72000000,18.47000000,18.64000000,82371.48000000
2025-03-31 12:00:00,18.64000000,19.04000000,18.51000000,18.87000000,141869.15000000
2025-03-31 13:00:00,18.88000000,18.91000000,18.42000000,18.66000000,198329.50000000
2025-03-31 14:00:00,18.66000000,19.02000000,18.66000000,18.96000000,166806.89000000
2025-03-31 15:00:00,18.97000000,19.12000000,18.94000000,18.97000000,146770.14000000
2025-03-31 16:00:00,18.98000000,19.06000000,18.82000000,18.84000000,76440.12000000
2025-03-31 17:00:00,18.84000000,18.96000000,18.64000000,18.72000000,81990.98000000
2025-03-31 18:00:00,18.73000000,18.97000000,18.71000000,18.83000000,51560.22000000
2025-03-31 19:00:00,18.83000000,18.92000000,18.62000000,18.65000000,49299.47000000
2025-03-31 20:00:00,18.65000000,18.85000000,18.64000000,18.70000000,39786.65000000
2025-03-31 21:00:00,18.70000000,18.84000000,18.70000000,18.71000000,36536.24000000
2025-03-31 22:00:00,18.71000000,18.74000000,18.60000000,18.74000000,40886.57000000
2025-03-31 23:00:00,18.74000000,18.86000000,18.71000000,18.77000000,44425.27000000
2025-04-01 00:00:00,18.78000000,18.92000000,18.74000000,18.84000000,67107.07000000
2025-04-01 01:00:00,18.84000000,18.86000000,18.72000000,18.78000000,35290.38000000
2025-04-01 02:00:00,18.77000000,19.09000000,18.76000000,19.08000000,41316.69000000
2025-04-01 03:00:00,19.08000000,19.18000000,18.97000000,19.03000000,71116.32000000
2025-04-01 04:00:00,19.04000000,19.08000000,18.96000000,19.06000000,25754.17000000
2025-04-01 05:00:00,19.06000000,19.32000000,19.03000000,19.20000000,52296.61000000
2025-04-01 06:00:00,19.20000000,19.54000000,19.16000000,19.39000000,88000.23000000
2025-04-01 07:00:00,19.38000000,19.48000000,19.18000000,19.21000000,113380.30000000
2025-04-01 08:00:00,19.21000000,19.58000000,19.00000000,19.57000000,199545.54000000
2025-04-01 09:00:00,19.56000000,19.74000000,19.54000000,19.67000000,165816.80000000
2025-04-01 10:00:00,19.67000000,19.70000000,19.47000000,19.48000000,79532.55000000
2025-04-01 11:00:00,19.49000000,19.57000000,19.38000000,19.40000000,72896.31000000
2025-04-01 12:00:00,19.40000000,19.51000000,19.30000000,19.36000000,53797.11000000
2025-04-01 13:00:00,19.36000000,19.52000000,19.31000000,19.38000000,68206.41000000
2025-04-01 14:00:00,19.37000000,19.54000000,18.97000000,19.47000000,168424.51000000
2025-04-01 15:00:00,19.47000000,19.95000000,19.47000000,19.85000000,189569.68000000
2025-04-01 16:00:00,19.85000000,19.95000000,19.65000000,19.67000000,95856.87000000
2025-04-01 17:00:00,19.66000000,19.74000000,19.59000000,19.60000000,50753.61000000
2025-04-01 18:00:00,19.61000000,19.61000000,19.34000000,19.43000000,73613.89000000
2025-04-01 19:00:00,19.43000000,19.48000000,19.34000000,19.45000000,27567.69000000
2025-04-01 20:00:00,19.45000000,19.54000000,19.32000000,19.52000000,51168.81000000
2025-04-01 21:00:00,19.52000000,19.65000000,19.45000000,19.57000000,56041.13000000
2025-04-01 22:00:00,19.58000000,19.77000000,19.56000000,19.66000000,44393.62000000
2025-04-01 23:00:00,19.67000000,19.93000000,19.57000000,19.82000000,293256.83000000
2025-04-02 00:00:00,19.83000000,19.84000000,19.47000000,19.50000000,153089.50000000
2025-04-02 01:00:00,19.50000000,19.54000000,19.37000000,19.43000000,50139.27000000
2025-04-02 02:00:00,19.44000000,19.47000000,19.13000000,19.24000000,70800.14000000
2025-04-02 03:00:00,19.24000000,19.40000000,19.21000000,19.22000000,57201.30000000
2025-04-02 04:00:00,19.22000000,19.28000000,19.12000000,19.17000000,55758.56000000
2025-04-02 05:00:00,19.18000000,19.18000000,18.80000000,18.84000000,80292.20000000
2025-04-02 06:00:00,18.84000000,19.00000000,18.80000000,18.86000000,45119.63000000
2025-04-02 07:00:00,18.86000000,19.72000000,18.85000000,19.06000000,351706.69000000
2025-04-02 08:00:00,19.06000000,19.31000000,18.92000000,19.26000000,110212.47000000
2025-04-02 09:00:00,19.27000000,19.58000000,19.25000000,19.45000000,100179.04000000
2025-04-02 10:00:00,19.46000000,19.53000000,19.30000000,19.31000000,69523.11000000
2025-04-02 11:00:00,19.30000000,19.41000000,19.20000000,19.21000000,49698.78000000
2025-04-02 12:00:00,19.21000000,19.26000000,19.03000000,19.26000000,54191.21000000
2025-04-02 13:00:00,19.26000000,19.44000000,18.93000000,19.17000000,111139.88000000
2025-04-02 14:00:00,19.16000000,19.31000000,19.08000000,19.29000000,97704.53000000
2025-04-02 15:00:00,19.29000000,19.84000000,19.25000000,19.62000000,380350.74000000
2025-04-02 16:00:00,19.62000000,19.85000000,19.60000000,19.73000000,148680.47000000
2025-04-02 17:00:00,19.73000000,19.78000000,19.19000000,19.30000000,212706.84000000
2025-04-02 18:00:00,19.29000000,19.48000000,19.21000000,19.39000000,69234.67000000
2025-04-02 19:00:00,19.39000000,19.49000000,19.31000000,19.43000000,143153.63000000
2025-04-02 20:00:00,19.43000000,19.90000000,19.01000000,19.33000000,917718.15000000
2025-04-02 21:00:00,19.34000000,19.40000000,18.78000000,18.93000000,229128.86000000
2025-04-02 22:00:00,18.92000000,18.92000000,17.84000000,17.89000000,379319.78000000
2025-04-02 23:00:00,17.89000000,18.15000000,17.76000000,17.99000000,217250.88000000
2025-04-03 00:00:00,17.98000000,18.35000000,17.88000000,18.34000000,139036.96000000
2025-04-03 01:00:00,18.35000000,18.63000000,18.27000000,18.58000000,162830.38000000
2025-04-03 02:00:00,18.57000000,18.86000000,18.52000000,18.84000000,83199.48000000
2025-04-03 03:00:00,18.85000000,18.85000000,18.69000000,18.76000000,43877.99000000
2025-04-03 04:00:00,18.77000000,18.99000000,18.64000000,18.95000000,88206.10000000
2025-04-03 05:00:00,18.96000000,18.98000000,18.65000000,18.65000000,63742.42000000
2025-04-03 06:00:00,18.66000000,18.73000000,18.39000000,18.43000000,90735.30000000
2025-04-03 07:00:00,18.42000000,18.50000000,18.20000000,18.38000000,103114.82000000
2025-04-03 08:00:00,18.37000000,18.51000000,18.35000000,18.44000000,84268.43000000
2025-04-03 09:00:00,18.44000000,18.47000000,18.27000000,18.29000000,44155.12000000
2025-04-03 10:00:00,18.29000000,18.37000000,18.03000000,18.04000000,96042.20000000
2025-04-03 11:00:00,18.04000000,18.19000000,17.98000000,18.09000000,89635.85000000
2025-04-03 12:00:00,18.09000000,18.15000000,17.62000000,17.62000000,203347.94000000
2025-04-03 13:00:00,17.62000000,18.20000000,17.58000000,18.16000000,177426.71000000
2025-04-03 14:00:00,18.16000000,18.16000000,17.75000000,17.76000000,208204.75000000
2025-04-03 15:00:00,17.75000000,18.07000000,17.74000000,17.96000000,180270.82000000
2025-04-03 16:00:00,17.96000000,18.10000000,17.83000000,17.88000000,73557.38000000
2025-04-03 17:00:00,17.88000000,17.99000000,17.85000000,17.88000000,59710.18000000
2025-04-03 18:00:00,17.88000000,18.27000000,17.85000000,18.13000000,146398.61000000
2025-04-03 19:00:00,18.14000000,18.21000000,17.95000000,18.00000000,140898.88000000
2025-04-03 20:00:00,18.01000000,18.13000000,17.86000000,18.07000000,74650.55000000
2025-04-03 21:00:00,18.07000000,18.27000000,18.04000000,18.22000000,85703.89000000
2025-04-03 22:00:00,18.22000000,18.25000000,18.06000000,18.12000000,64782.53000000
2025-04-03 23:00:00,18.12000000,18.20000000,18.01000000,18.15000000,64943.52000000
2025-04-04 00:00:00,18.16000000,18.28000000,18.05000000,18.07000000,56797.94000000
2025-04-04 01:00:00,18.08000000,18.22000000,17.91000000,17.95000000,56379.90000000
2025-04-04 02:00:00,17.96000000,18.21000000,17.96000000,18.14000000,52974.40000000
2025-04-04 03:00:00,18.14000000,18.16000000,17.96000000,18.03000000,46358.23000000
2025-04-04 04:00:00,18.03000000,18.14000000,17.97000000,18.04000000,26207.30000000
2025-04-04 05:00:00,18.04000000,18.36000000,17.96000000,18.34000000,60784.04000000
2025-04-04 06:00:00,18.34000000,18.49000000,18.34000000,18.37000000,82613.99000000
2025-04-04 07:00:00,18.38000000,18.61000000,18.35000000,18.60000000,88874.36000000
2025-04-04 08:00:00,18.60000000,18.77000000,18.55000000,18.61000000,85157.50000000
2025-04-04 09:00:00,18.60000000,18.62000000,18.49000000,18.59000000,52358.92000000
2025-04-04 10:00:00,18.58000000,18.60000000,17.88000000,17.92000000,224580.58000000
2025-04-04 11:00:00,17.93000000,17.99000000,17.61000000,17.89000000,200494.04000000
2025-04-04 12:00:00,17.89000000,18.14000000,17.81000000,18.11000000,193084.52000000
2025-04-04 13:00:00,18.12000000,18.26000000,17.81000000,18.18000000,169076.42000000
2025-04-04 14:00:00,18.17000000,18.22000000,17.86000000,18.05000000,121967.59000000
2025-04-04 15:00:00,18.05000000,18.47000000,17.98000000,18.00000000,295174.97000000
2025-04-04 16:00:00,18.00000000,18.12000000,17.73000000,17.91000000,204552.85000000
2025-04-04 17:00:00,17.91000000,18.36000000,17.77000000,18.20000000,183381.38000000
2025-04-04 18:00:00,18.21000000,18.25000000,17.98000000,18.02000000,74153.17000000
2025-04-04 19:00:00,18.02000000,18.22000000,17.98000000,18.11000000,135709.70000000
2025-04-04 20:00:00,18.11000000,18.27000000,18.02000000,18.19000000,56001.31000000
2025-04-04 21:00:00,18.19000000,18.36000000,18.14000000,18.25000000,42106.65000000
2025-04-04 22:00:00,18.25000000,18.34000000,18.16000000,18.18000000,30492.48000000
2025-04-04 23:00:00,18.18000000,18.22000000,18.14000000,18.19000000,28542.14000000
2025-04-05 00:00:00,18.18000000,18.28000000,18.09000000,18.26000000,27763.51000000
2025-04-05 01:00:00,18.26000000,18.37000000,18.24000000,18.28000000,28474.36000000
2025-04-05 02:00:00,18.29000000,18.30000000,18.17000000,18.20000000,19554.63000000
2025-04-05 03:00:00,18.20000000,18.21000000,18.11000000,18.11000000,23964.42000000
2025-04-05 04:00:00,18.12000000,18.20000000,18.05000000,18.06000000,27209.00000000
2025-04-05 05:00:00,18.06000000,18.17000000,18.05000000,18.08000000,15680.16000000
2025-04-05 06:00:00,18.09000000,18.18000000,18.05000000,18.13000000,21661.87000000
2025-04-05 07:00:00,18.14000000,18.24000000,18.08000000,18.21000000,25822.55000000
2025-04-05 08:00:00,18.20000000,18.25000000,18.13000000,18.20000000,25776.34000000
2025-04-05 09:00:00,18.20000000,18.34000000,18.20000000,18.32000000,24785.83000000
2025-04-05 10:00:00,18.32000000,18.35000000,18.24000000,18.27000000,17146.28000000
2025-04-05 11:00:00,18.28000000,18.30000000,18.18000000,18.24000000,21540.24000000
2025-04-05 12:00:00,18.24000000,18.30000000,18.05000000,18.10000000,40157.05000000
2025-04-05 13:00:00,18.10000000,18.12000000,17.89000000,17.91000000,69000.55000000
2025-04-05 14:00:00,17.91000000,18.02000000,17.89000000,17.97000000,24009.62000000
2025-04-05 15:00:00,17.97000000,17.97000000,17.77000000,17.85000000,29440.59000000
2025-04-05 16:00:00,17.84000000,17.94000000,17.82000000,17.87000000,28480.64000000
2025-04-05 17:00:00,17.88000000,17.96000000,17.82000000,17.86000000,31881.42000000
2025-04-05 18:00:00,17.87000000,17.97000000,17.84000000,17.96000000,25608.10000000
2025-04-05 19:00:00,17.96000000,18.00000000,17.84000000,17.86000000,24543.90000000
2025-04-05 20:00:00,17.87000000,17.91000000,17.69000000,17.82000000,143694.93000000
2025-04-05 21:00:00,17.82000000,17.88000000,17.75000000,17.79000000,42150.57000000
2025-04-05 22:00:00,17.79000000,17.87000000,17.71000000,17.87000000,86563.40000000
2025-04-05 23:00:00,17.86000000,17.93000000,17.79000000,17.87000000,68044.13000000
2025-04-06 00:00:00,17.88000000,17.92000000,17.78000000,17.79000000,136883.32000000
2025-04-06 01:00:00,17.78000000,17.80000000,17.64000000,17.64000000,72408.91000000
2025-04-06 02:00:00,17.64000000,17.67000000,17.39000000,17.42000000,190308.28000000
2025-04-06 03:00:00,17.42000000,17.48000000,17.32000000,17.39000000,60190.87000000
2025-04-06 04:00:00,17.40000000,17.44000000,17.29000000,17.41000000,44527.12000000
2025-04-06 05:00:00,17.40000000,17.50000000,17.34000000,17.49000000,58617.24000000
2025-04-06 06:00:00,17.49000000,17.51000000,17.24000000,17.25000000,65640.25000000
2025-04-06 07:00:00,17.25000000,17.29000000,17.18000000,17.20000000,64037.43000000
2025-04-06 08:00:00,17.20000000,17.36000000,17.15000000,17.35000000,59677.02000000
2025-04-06 09:00:00,17.35000000,17.35000000,17.27000000,17.31000000,28402.99000000
2025-04-06 10:00:00,17.31000000,17.31000000,17.19000000,17.22000000,32991.44000000
2025-04-06 11:00:00,17.22000000,17.26000000,17.11000000,17.19000000,46250.88000000
2025-04-06 12:00:00,17.19000000,17.22000000,17.06000000,17.09000000,77221.15000000
2025-04-06 13:00:00,17.09000000,17.13000000,16.87000000,16.90000000,154452.40000000
2025-04-06 14:00:00,16.90000000,17.17000000,16.84000000,17.17000000,87795.07000000
2025-04-06 15:00:00,17.16000000,17.32000000,17.08000000,17.31000000,67060.43000000
2025-04-06 16:00:00,17.31000000,17.33000000,17.10000000,17.13000000,167176.29000000
2025-04-06 17:00:00,17.13000000,17.17000000,16.64000000,16.69000000,255943.03000000
2025-04-06 18:00:00,16.68000000,16.71000000,16.14000000,16.32000000,370434.77000000
2025-04-06 19:00:00,16.32000000,16.47000000,16.18000000,16.40000000,155679.91000000
2025-04-06 20:00:00,16.39000000,16.47000000,15.95000000,16.03000000,243954.37000000
2025-04-06 21:00:00,16.03000000,16.29000000,15.99000000,16.16000000,110050.70000000
2025-04-06 22:00:00,16.16000000,16.37000000,15.97000000,15.99000000,152780.00000000
2025-04-06 23:00:00,16.00000000,16.09000000,15.62000000,16.04000000,292850.25000000
2025-04-07 00:00:00,16.05000000,16.09000000,15.76000000,15.96000000,96136.41000000
2025-04-07 01:00:00,15.96000000,16.45000000,15.96000000,16.25000000,144816.40000000
2025-04-07 02:00:00,16.25000000,16.30000000,16.02000000,16.07000000,47315.50000000
2025-04-07 03:00:00,16.07000000,16.11000000,15.45000000,15.74000000,182863.25000000
2025-04-07 04:00:00,15.75000000,15.92000000,15.62000000,15.89000000,135708.17000000
2025-04-07 05:00:00,15.90000000,16.11000000,15.79000000,15.85000000,169971.36000000
2025-04-07 06:00:00,15.85000000,16.01000000,14.66000000,14.82000000,742850.91000000
2025-04-07 07:00:00,14.82000000,15.02000000,14.67000000,14.83000000,520060.64000000
2025-04-07 08:00:00,14.83000000,15.46000000,14.72000000,15.32000000,358986.54000000
2025-04-07 09:00:00,15.32000000,15.67000000,15.11000000,15.37000000,236099.87000000
2025-04-07 10:00:00,15.37000000,15.79000000,15.34000000,15.55000000,232917.31000000
2025-04-07 11:00:00,15.55000000,15.73000000,15.34000000,15.44000000,114001.62000000
2025-04-07 12:00:00,15.45000000,15.95000000,15.36000000,15.85000000,258228.02000000
2025-04-07 13:00:00,15.85000000,16.35000000,15.41000000,16.25000000,557145.83000000
2025-04-07 14:00:00,16.24000000,17.20000000,16.11000000,16.52000000,1408753.79000000
2025-04-07 15:00:00,16.52000000,16.65000000,16.23000000,16.44000000,385165.86000000
2025-04-07 16:00:00,16.43000000,16.51000000,16.14000000,16.16000000,136574.02000000
2025-04-07 17:00:00,16.17000000,17.23000000,16.17000000,17.11000000,543997.07000000
2025-04-07 18:00:00,17.12000000,17.13000000,16.75000000,16.76000000,220443.41000000
2025-04-07 19:00:00,16.77000000,16.94000000,16.61000000,16.64000000,160360.49000000
2025-04-07 20:00:00,16.65000000,16.98000000,16.62000000,16.89000000,83469.75000000
2025-04-07 21:00:00,16.89000000,16.91000000,16.64000000,16.76000000,74371.63000000
2025-04-07 22:00:00,16.77000000,16.93000000,16.75000000,16.92000000,113147.90000000
2025-04-07 23:00:00,16.92000000,16.94000000,16.63000000,16.68000000,77778.70000000
2025-04-08 00:00:00,16.69000000,16.96000000,16.68000000,16.74000000,62514.43000000
2025-04-08 01:00:00,16.74000000,17.28000000,16.69000000,17.26000000,104235.45000000
2025-04-08 02:00:00,17.26000000,17.34000000,17.04000000,17.11000000,86776.37000000
2025-04-08 03:00:00,17.11000000,17.31000000,17.07000000,17.17000000,83826.31000000
2025-04-08 04:00:00,17.17000000,17.45000000,17.14000000,17.40000000,61950.08000000
2025-04-08 05:00:00,17.40000000,17.45000000,17.25000000,17.36000000,69580.39000000
2025-04-08 06:00:00,17.35000000,17.36000000,17.07000000,17.10000000,73773.54000000
2025-04-08 07:00:00,17.10000000,17.16000000,16.95000000,17.05000000,83892.07000000
2025-04-08 08:00:00,17.04000000,17.07000000,16.88000000,16.98000000,76181.04000000
2025-04-08 09:00:00,16.98000000,17.07000000,16.89000000,16.90000000,56266.80000000
2025-04-08 10:00:00,16.90000000,17.06000000,16.84000000,16.95000000,53401.32000000
2025-04-08 11:00:00,16.95000000,17.52000000,16.93000000,17.49000000,118311.13000000
2025-04-08 12:00:00,17.49000000,17.61000000,17.24000000,17.33000000,138720.02000000
2025-04-08 13:00:00,17.32000000,17.68000000,17.31000000,17.59000000,196373.59000000
2025-04-08 14:00:00,17.58000000,17.74000000,17.19000000,17.22000000,187534.06000000
2025-04-08 15:00:00,17.22000000,17.30000000,17.08000000,17.14000000,114374.81000000
2025-04-08 16:00:00,17.14000000,17.19000000,16.60000000,16.67000000,208198.31000000
2025-04-08 17:00:00,16.67000000,16.68000000,16.26000000,16.51000000,297684.59000000
2025-04-08 18:00:00,16.50000000,16.55000000,16.29000000,16.34000000,328110.24000000
2025-04-08 19:00:00,16.34000000,16.38000000,15.99000000,16.04000000,232529.46000000
2025-04-08 20:00:00,16.04000000,16.29000000,15.94000000,16.18000000,115093.54000000
2025-04-08 21:00:00,16.18000000,16.25000000,16.00000000,16.19000000,101700.49000000
2025-04-08 22:00:00,16.19000000,16.20000000,15.94000000,16.10000000,113899.92000000
2025-04-08 23:00:00,16.10000000,16.16000000,15.98000000,16.15000000,48924.36000000
2025-04-09 00:00:00,16.16000000,16.27000000,16.03000000,16.11000000,122902.70000000
2025-04-09 01:00:00,16.12000000,16.21000000,15.59000000,16.19000000,255067.58000000
2025-04-09 02:00:00,16.19000000,16.40000000,16.04000000,16.06000000,98229.46000000
2025-04-09 03:00:00,16.07000000,16.15000000,15.96000000,16.06000000,63543.59000000
2025-04-09 04:00:00,16.05000000,16.46000000,16.00000000,16.36000000,131587.25000000
2025-04-09 05:00:00,16.36000000,16.72000000,16.33000000,16.62000000,116159.31000000
2025-04-09 06:00:00,16.61000000,16.76000000,16.53000000,16.55000000,112380.34000000
2025-04-09 07:00:00,16.55000000,16.87000000,16.53000000,16.72000000,180237.24000000
2025-04-09 08:00:00,16.72000000,16.79000000,16.59000000,16.63000000,114824.46000000
2025-04-09 09:00:00,16.64000000,16.70000000,16.52000000,16.59000000,49787.95000000
2025-04-09 10:00:00,16.60000000,16.61000000,16.31000000,16.53000000,167110.88000000
2025-04-09 11:00:00,16.52000000,16.53000000,16.10000000,16.19000000,227742.59000000
2025-04-09 12:00:00,16.20000000,16.30000000,15.96000000,16.18000000,153825.95000000
2025-04-09 13:00:00,16.18000000,16.62000000,16.14000000,16.48000000,226007.61000000
2025-04-09 14:00:00,16.48000000,16.80000000,16.37000000,16.64000000,283808.67000000
2025-04-09 15:00:00,16.64000000,16.91000000,16.61000000,16.81000000,142657.95000000
2025-04-09 16:00:00,16.82000000,17.39000000,16.74000000,17.36000000,223047.84000000
2025-04-09 17:00:00,17.37000000,18.91000000,17.22000000,18.84000000,1259867.88000000
2025-04-09 18:00:00,18.83000000,18.91000000,18.21000000,18.22000000,491636.53000000
2025-04-09 19:00:00,18.22000000,18.64000000,18.22000000,18.54000000,166839.19000000
2025-04-09 20:00:00,18.54000000,18.63000000,18.41000000,18.62000000,168987.05000000
2025-04-09 21:00:00,18.62000000,18.70000000,18.49000000,18.65000000,123308.71000000
2025-04-09 22:00:00,18.65000000,18.70000000,18.53000000,18.55000000,89212.33000000
2025-04-09 23:00:00,18.56000000,18.59000000,18.41000000,18.44000000,70631.13000000
2025-04-10 00:00:00,18.44000000,18.45000000,18.19000000,18.30000000,84136.74000000
2025-04-10 01:00:00,18.29000000,18.35000000,18.15000000,18.23000000,62513.50000000
2025-04-10 02:00:00,18.23000000,18.32000000,18.15000000,18.18000000,45055.43000000
2025-04-10 03:00:00,18.19000000,18.19000000,17.80000000,18.03000000,88173.33000000
2025-04-10 04:00:00,18.03000000,18.17000000,17.94000000,18.17000000,55322.75000000
2025-04-10 05:00:00,18.16000000,18.31000000,18.14000000,18.26000000,55080.86000000
2025-04-10 06:00:00,18.26000000,18.36000000,18.14000000,18.28000000,43870.72000000
2025-04-10 07:00:00,18.28000000,18.33000000,18.01000000,18.04000000,64624.13000000
2025-04-10 08:00:00,18.05000000,18.12000000,17.96000000,18.07000000,57770.83000000
2025-04-10 09:00:00,18.07000000,18.16000000,17.97000000,18.07000000,66664.57000000
2025-04-10 10:00:00,18.08000000,18.09000000,17.90000000,17.97000000,39952.96000000
2025-04-10 11:00:00,17.97000000,18.05000000,17.91000000,18.02000000,54779.04000000
2025-04-10 12:00:00,18.02000000,18.39000000,17.95000000,18.14000000,290808.81000000
2025-04-10 13:00:00,18.14000000,18.33000000,18.01000000,18.08000000,155397.38000000
2025-04-10 14:00:00,18.09000000,18.37000000,17.99000000,18.21000000,102493.10000000
2025-04-10 15:00:00,18.21000000,18.27000000,17.55000000,17.67000000,269897.10000000
2025-04-10 16:00:00,17.67000000,17.96000000,17.59000000,17.94000000,165476.83000000
2025-04-10 17:00:00,17.94000000,18.03000000,17.80000000,17.92000000,127806.20000000
2025-04-10 18:00:00,17.92000000,18.26000000,17.91000000,18.16000000,102832.03000000
2025-04-10 19:00:00,18.16000000,18.25000000,18.04000000,18.11000000,88402.45000000
2025-04-10 20:00:00,18.10000000,18.43000000,18.10000000,18.36000000,77308.80000000
2025-04-10 21:00:00,18.37000000,18.43000000,18.21000000,18.26000000,60310.52000000
2025-04-10 22:00:00,18.26000000,18.35000000,18.18000000,18.19000000,51038.53000000
2025-04-10 23:00:00,18.18000000,18.35000000,18.16000000,18.31000000,50753.32000000
2025-04-11 00:00:00,18.31000000,18.61000000,18.31000000,18.39000000,95638.98000000
2025-04-11 01:00:00,18.40000000,18.58000000,18.32000000,18.52000000,82269.94000000
2025-04-11 02:00:00,18.52000000,18.67000000,18.44000000,18.47000000,68388.93000000
2025-04-11 03:00:00,18.46000000,18.56000000,18.43000000,18.55000000,67928.68000000
2025-04-11 04:00:00,18.55000000,18.60000000,18.44000000,18.53000000,51178.06000000
2025-04-11 05:00:00,18.53000000,18.55000000,18.44000000,18.51000000,57046.11000000
2025-04-11 06:00:00,18.52000000,18.66000000,18.49000000,18.61000000,51773.56000000
2025-04-11 07:00:00,18.60000000,18.62000000,18.45000000,18.55000000,40600.46000000
2025-04-11 08:00:00,18.55000000,18.68000000,18.44000000,18.49000000,109245.23000000
2025-04-11 09:00:00,18.49000000,18.76000000,18.40000000,18.68000000,116776.49000000
2025-04-11 10:00:00,18.68000000,18.99000000,18.56000000,18.85000000,225620.04000000
2025-04-11 11:00:00,18.85000000,18.96000000,18.73000000,18.85000000,71889.54000000
2025-04-11 12:00:00,18.85000000,19.20000000,18.77000000,19.20000000,267259.09000000
2025-04-11 13:00:00,19.20000000,19.44000000,18.93000000,19.12000000,304698.16000000
2025-04-11 14:00:00,19.11000000,19.54000000,18.96000000,19.45000000,380255.36000000
2025-04-11 15:00:00,19.45000000,19.56000000,19.18000000,19.20000000,144125.18000000
2025-04-11 16:00:00,19.20000000,19.35000000,19.11000000,19.29000000,81591.34000000
2025-04-11 17:00:00,19.29000000,19.51000000,19.23000000,19.43000000,103307.39000000
2025-04-11 18:00:00,19.43000000,19.57000000,19.22000000,19.24000000,131365.71000000
2025-04-11 19:00:00,19.24000000,19.34000000,19.18000000,19.22000000,34503.24000000
2025-04-11 20:00:00,19.22000000,19.28000000,19.18000000,19.24000000,42711.69000000
2025-04-11 21:00:00,19.25000000,19.37000000,19.18000000,19.22000000,33413.30000000
2025-04-11 22:00:00,19.22000000,19.26000000,19.11000000,19.13000000,49887.38000000
2025-04-11 23:00:00,19.13000000,19.20000000,19.04000000,19.12000000,34370.82000000
2025-04-12 00:00:00,19.13000000,19.17000000,19.03000000,19.05000000,64318.88000000
2025-04-12 01:00:00,19.04000000,19.05000000,18.93000000,18.96000000,43471.49000000
2025-04-12 02:00:00,18.95000000,19.01000000,18.84000000,18.85000000,40565.62000000
2025-04-12 03:00:00,18.85000000,18.96000000,18.84000000,18.91000000,24110.84000000
2025-04-12 04:00:00,18.92000000,19.16000000,18.86000000,19.14000000,50924.49000000
2025-04-12 05:00:00,19.15000000,19.25000000,19.09000000,19.10000000,63248.52000000
2025-04-12 06:00:00,19.11000000,19.31000000,19.08000000,19.11000000,83976.13000000
2025-04-12 07:00:00,19.10000000,19.16000000,19.03000000,19.10000000,46018.40000000
2025-04-12 08:00:00,19.11000000,19.26000000,19.06000000,19.08000000,60087.04000000
2025-04-12 09:00:00,19.08000000,19.14000000,19.05000000,19.09000000,30805.09000000
2025-04-12 10:00:00,19.08000000,19.17000000,18.95000000,19.03000000,71585.77000000
2025-04-12 11:00:00,19.03000000,19.17000000,19.01000000,19.14000000,74901.72000000
2025-04-12 12:00:00,19.13000000,19.27000000,19.10000000,19.18000000,74264.98000000
2025-04-12 13:00:00,19.18000000,19.47000000,19.12000000,19.44000000,126693.53000000
2025-04-12 14:00:00,19.45000000,20.06000000,19.42000000,19.93000000,359410.02000000
2025-04-12 15:00:00,19.92000000,21.03000000,19.90000000,20.51000000,533813.78000000
2025-04-12 16:00:00,20.51000000,20.84000000,20.28000000,20.39000000,254095.52000000
2025-04-12 17:00:00,20.39000000,20.50000000,20.10000000,20.16000000,112932.13000000
2025-04-12 18:00:00,20.15000000,20.49000000,20.15000000,20.42000000,83514.91000000
2025-04-12 19:00:00,20.42000000,20.42000000,20.15000000,20.19000000,71842.43000000
2025-04-12 20:00:00,20.19000000,20.48000000,20.16000000,20.32000000,72029.71000000
2025-04-12 21:00:00,20.32000000,20.67000000,20.29000000,20.56000000,87572.42000000
2025-04-12 22:00:00,20.56000000,20.67000000,20.42000000,20.45000000,82526.41000000
2025-04-12 23:00:00,20.44000000,20.50000000,20.34000000,20.49000000,52750.70000000
2025-04-13 00:00:00,20.50000000,20.68000000,20.36000000,20.56000000,87870.08000000
2025-04-13 01:00:00,20.56000000,20.63000000,20.25000000,20.29000000,78267.32000000
2025-04-13 02:00:00,20.29000000,20.42000000,20.19000000,20.40000000,44204.84000000
2025-04-13 03:00:00,20.39000000,20.45000000,20.21000000,20.25000000,50994.05000000
2025-04-13 04:00:00,20.24000000,20.28000000,20.05000000,20.12000000,45563.39000000
2025-04-13 05:00:00,20.12000000,20.14000000,19.97000000,20.02000000,51394.05000000
2025-04-13 06:00:00,20.02000000,20.07000000,19.94000000,19.99000000,39601.58000000
2025-04-13 07:00:00,19.99000000,20.14000000,19.88000000,19.92000000,57618.06000000
2025-04-13 08:00:00,19.92000000,20.10000000,19.90000000,20.09000000,40383.61000000
2025-04-13 09:00:00,20.08000000,20.26000000,20.02000000,20.25000000,39827.83000000
2025-04-13 10:00:00,20.25000000,20.28000000,20.07000000,20.13000000,55492.15000000
2025-04-13 11:00:00,20.13000000,20.14000000,19.92000000,20.00000000,46168.28000000
2025-04-13 12:00:00,20.00000000,20.03000000,19.83000000,19.85000000,60913.40000000
2025-04-13 13:00:00,19.85000000,19.94000000,19.51000000,19.59000000,96393.83000000
2025-04-13 14:00:00,19.59000000,19.76000000,19.54000000,19.75000000,71762.06000000
2025-04-13 15:00:00,19.75000000,19.78000000,19.62000000,19.75000000,53879.00000000
2025-04-13 16:00:00,19.75000000,20.03000000,19.71000000,19.98000000,113043.51000000
2025-04-13 17:00:00,19.98000000,20.49000000,19.98000000,20.39000000,172008.93000000
2025-04-13 18:00:00,20.39000000,20.52000000,20.26000000,20.26000000,70578.94000000
2025-04-13 19:00:00,20.27000000,20.28000000,19.43000000,19.73000000,262266.33000000
2025-04-13 20:00:00,19.74000000,19.97000000,19.51000000,19.55000000,148901.16000000
2025-04-13 21:00:00,19.55000000,19.63000000,19.27000000,19.47000000,241935.34000000
2025-04-13 22:00:00,19.48000000,19.59000000,19.37000000,19.46000000,77689.02000000
2025-04-13 23:00:00,19.46000000,19.63000000,19.42000000,19.59000000,74423.94000000
2025-04-14 00:00:00,19.60000000,20.13000000,19.55000000,19.86000000,167916.72000000
2025-04-14 01:00:00,19.86000000,20.15000000,19.81000000,20.08000000,107303.27000000
2025-04-14 02:00:00,20.09000000,20.60000000,20.03000000,20.19000000,166364.14000000
2025-04-14 03:00:00,20.19000000,20.21000000,19.89000000,19.97000000,89315.41000000
2025-04-14 04:00:00,19.97000000,20.29000000,19.96000000,20.21000000,70182.04000000
2025-04-14 05:00:00,20.21000000,20.27000000,19.87000000,19.93000000,48741.87000000
2025-04-14 06:00:00,19.93000000,19.99000000,19.81000000,19.97000000,66213.83000000
2025-04-14 07:00:00,19.97000000,20.15000000,19.80000000,20.12000000,91706.65000000
2025-04-14 08:00:00,20.13000000,20.40000000,20.11000000,20.14000000,136305.02000000
2025-04-14 09:00:00,20.15000000,20.23000000,19.96000000,20.07000000,46754.54000000
2025-04-14 10:00:00,20.07000000,20.52000000,20.07000000,20.48000000,99066.98000000
2025-04-14 11:00:00,20.49000000,20.53000000,20.33000000,20.51000000,126402.90000000
2025-04-14 12:00:00,20.51000000,20.68000000,20.37000000,20.55000000,145608.08000000
2025-04-14 13:00:00,20.55000000,20.58000000,20.14000000,20.16000000,139673.55000000
2025-04-14 14:00:00,20.16000000,20.55000000,20.16000000,20.38000000,132527.14000000
2025-04-14 15:00:00,20.38000000,20.40000000,19.76000000,19.83000000,196762.88000000
2025-04-14 16:00:00,19.83000000,20.10000000,19.72000000,19.96000000,110929.51000000
2025-04-14 17:00:00,19.96000000,20.39000000,19.96000000,20.34000000,176908.41000000
2025-04-14 18:00:00,20.35000000,20.52000000,20.33000000,20.40000000,143504.37000000
2025-04-14 19:00:00,20.40000000,20.45000000,20.27000000,20.30000000,65986.86000000
2025-04-14 20:00:00,20.30000000,20.38000000,20.18000000,20.34000000,47677.32000000
2025-04-14 21:00:00,20.33000000,20.35000000,20.05000000,20.16000000,35850.47000000
2025-04-14 22:00:00,20.17000000,20.23000000,20.08000000,20.17000000,50563.45000000
2025-04-14 23:00:00,20.16000000,20.23000000,20.06000000,20.11000000,31337.24000000
2025-04-15 00:00:00,20.12000000,20.21000000,20.05000000,20.16000000,45204.16000000
2025-04-15 01:00:00,20.16000000,20.21000000,19.91000000,20.01000000,113979.26000000
2025-04-15 02:00:00,20.01000000,20.09000000,19.85000000,20.06000000,42102.94000000
2025-04-15 03:00:00,20.07000000,20.25000000,19.92000000,20.24000000,73820.47000000
2025-04-15 04:00:00,20.23000000,20.28000000,20.09000000,20.12000000,73960.71000000
2025-04-15 05:00:00,20.11000000,20.17000000,19.94000000,19.95000000,80860.96000000
2025-04-15 06:00:00,19.94000000,20.00000000,19.81000000,19.92000000,76718.33000000
2025-04-15 07:00:00,19.91000000,20.07000000,19.90000000,19.98000000,72231.44000000
2025-04-15 08:00:00,19.98000000,20.05000000,19.90000000,19.93000000,44683.92000000
2025-04-15 09:00:00,19.92000000,20.15000000,19.90000000,20.15000000,74536.45000000
2025-04-15 10:00:00,20.14000000,20.16000000,19.85000000,19.90000000,114627.52000000
2025-04-15 11:00:00,19.89000000,19.96000000,19.80000000,19.90000000,50737.74000000
2025-04-15 12:00:00,19.91000000,20.02000000,19.88000000,20.02000000,69618.51000000
2025-04-15 13:00:00,20.02000000,20.26000000,19.91000000,19.93000000,109697.69000000
2025-04-15 14:00:00,19.93000000,20.01000000,19.54000000,19.76000000,220373.62000000
2025-04-15 15:00:00,19.76000000,19.83000000,19.46000000,19.54000000,110025.01000000
2025-04-15 16:00:00,19.54000000,19.64000000,19.48000000,19.50000000,79833.23000000
2025-04-15 17:00:00,19.49000000,19.55000000,19.34000000,19.40000000,97326.59000000
2025-04-15 18:00:00,19.41000000,19.58000000,19.33000000,19.53000000,42659.92000000
2025-04-15 19:00:00,19.53000000,19.53000000,19.23000000,19.31000000,74123.95000000
2025-04-15 20:00:00,19.31000000,19.44000000,19.17000000,19.26000000,58185.00000000
2025-04-15 21:00:00,19.26000000,19.43000000,19.22000000,19.36000000,35173.42000000
2025-04-15 22:00:00,19.36000000,19.36000000,18.99000000,19.03000000,183367.91000000
2025-04-15 23:00:00,19.03000000,19.06000000,18.96000000,19.01000000,48713.39000000
2025-04-16 00:00:00,19.01000000,19.03000000,18.67000000,18.78000000,145492.28000000
2025-04-16 01:00:00,18.78000000,18.99000000,18.73000000,18.92000000,54295.94000000
2025-04-16 02:00:00,18.93000000,18.98000000,18.84000000,18.94000000,57331.63000000
2025-04-16 03:00:00,18.94000000,19.03000000,18.90000000,18.93000000,23199.27000000
2025-04-16 04:00:00,18.93000000,18.94000000,18.74000000,18.83000000,51957.38000000
2025-04-16 05:00:00,18.84000000,18.96000000,18.68000000,18.77000000,75885.83000000
2025-04-16 06:00:00,18.78000000,18.87000000,18.73000000,18.82000000,37335.48000000
2025-04-16 07:00:00,18.83000000,18.86000000,18.61000000,18.64000000,64388.89000000
2025-04-16 08:00:00,18.65000000,18.96000000,18.56000000,18.86000000,151500.69000000
2025-04-16 09:00:00,18.86000000,19.00000000,18.74000000,18.74000000,37229.61000000
2025-04-16 10:00:00,18.75000000,18.93000000,18.73000000,18.87000000,39569.50000000
2025-04-16 11:00:00,18.88000000,18.95000000,18.82000000,18.91000000,32106.34000000
2025-04-16 12:00:00,18.91000000,19.00000000,18.80000000,18.81000000,41774.11000000
2025-04-16 13:00:00,18.81000000,18.99000000,18.72000000,18.81000000,57118.70000000
2025-04-16 14:00:00,18.81000000,19.17000000,18.80000000,19.03000000,96963.45000000
2025-04-16 15:00:00,19.02000000,19.29000000,19.01000000,19.05000000,86659.64000000
2025-04-16 16:00:00,19.05000000,19.13000000,18.87000000,19.05000000,59986.44000000
2025-04-16 17:00:00,19.05000000,19.30000000,18.50000000,18.55000000,229981.15000000
2025-04-16 18:00:00,18.55000000,18.98000000,18.51000000,18.77000000,183604.29000000
2025-04-16 19:00:00,18.77000000,19.10000000,18.64000000,19.00000000,130726.79000000
2025-04-16 20:00:00,19.00000000,19.10000000,18.80000000,18.83000000,60030.46000000
2025-04-16 21:00:00,18.83000000,19.08000000,18.78000000,19.01000000,62348.49000000
2025-04-16 22:00:00,19.01000000,19.02000000,18.85000000,18.89000000,56379.16000000
2025-04-16 23:00:00,18.89000000,18.89000000,18.70000000,18.76000000,30751.28000000
2025-04-17 00:00:00,18.75000000,18.83000000,18.69000000,18.83000000,35331.64000000
2025-04-17 01:00:00,18.83000000,19.00000000,18.77000000,18.94000000,26264.65000000
2025-04-17 02:00:00,18.94000000,18.95000000,18.82000000,18.95000000,17265.13000000
2025-04-17 03:00:00,18.95000000,19.00000000,18.85000000,18.98000000,17683.62000000
2025-04-17 04:00:00,18.97000000,19.11000000,18.94000000,19.07000000,51774.48000000
2025-04-17 05:00:00,19.07000000,19.30000000,19.05000000,19.27000000,64313.16000000
2025-04-17 06:00:00,19.28000000,19.46000000,19.25000000,19.35000000,65947.47000000
2025-04-17 07:00:00,19.36000000,19.56000000,19.35000000,19.39000000,46059.69000000
2025-04-17 08:00:00,19.39000000,19.48000000,19.23000000,19.24000000,52159.87000000
2025-04-17 09:00:00,19.25000000,19.30000000,19.20000000,19.25000000,25697.25000000
2025-04-17 10:00:00,19.24000000,19.28000000,19.14000000,19.23000000,27292.20000000
2025-04-17 11:00:00,19.23000000,19.34000000,19.23000000,19.24000000,34921.26000000
2025-04-17 12:00:00,19.23000000,19.40000000,19.21000000,19.40000000,63183.59000000
2025-04-17 13:00:00,19.39000000,19.42000000,19.20000000,19.22000000,74166.18000000
2025-04-17 14:00:00,19.22000000,19.23000000,18.81000000,18.95000000,109846.53000000
2025-04-17 15:00:00,18.95000000,19.21000000,18.94000000,19.13000000,64815.16000000
2025-04-17 16:00:00,19.13000000,19.54000000,19.08000000,19.40000000,160415.10000000
2025-04-17 17:00:00,19.40000000,19.52000000,19.31000000,19.43000000,105410.02000000
2025-04-17 18:00:00,19.43000000,19.49000000,19.26000000,19.26000000,59787.31000000
2025-04-17 19:00:00,19.26000000,19.31000000,18.97000000,19.05000000,58398.58000000
