Date,Open,High,Low,Close,Volume
,DX-Y.NYB,DX-Y.NYB,DX-Y.NYB,DX-Y.NYB,DX-Y.NYB
2022-01-03,95.66999816894531,96.33000183105469,95.62999725341797,96.23999786376953,0
2022-01-04,96.19000244140625,96.45999908447266,96.02999877929688,96.29000091552734,0
2022-01-05,96.30999755859375,96.33000183105469,95.88999938964844,96.19000244140625,0
2022-01-06,96.19999694824219,96.38999938964844,96.04000091552734,96.25,0
2022-01-07,96.26000213623047,96.30000305175781,95.70999908447266,95.73999786376953,0
2022-01-10,95.73999786376953,96.2300033569336,95.73999786376953,95.98999786376953,0
2022-01-11,95.93000030517578,96.06999969482422,95.58000183105469,95.62000274658203,0
2022-01-12,95.58000183105469,95.69000244140625,94.91000366210938,95.0,0
2022-01-13,94.98999786376953,95.0199966430664,94.66000366210938,94.79000091552734,0
2022-01-14,94.87000274658203,95.2699966430664,94.62999725341797,95.16999816894531,0
2022-01-18,95.22000122070312,95.83000183105469,95.12999725341797,95.7300033569336,0
2022-01-19,95.7699966430664,95.79000091552734,95.48999786376953,95.51000213623047,0
2022-01-20,95.58999633789062,95.86000061035156,95.41999816894531,95.73999786376953,0
2022-01-21,95.80999755859375,95.83999633789062,95.5,95.63999938964844,0
2022-01-24,95.63999938964844,96.12999725341797,95.62999725341797,95.91999816894531,0
2022-01-25,95.93000030517578,96.2699966430664,95.9000015258789,95.94999694824219,0
2022-01-26,95.95999908447266,96.54000091552734,95.91000366210938,96.48999786376953,0
2022-01-27,96.55000305175781,97.29000091552734,96.52999877929688,97.26000213623047,0
2022-01-28,97.25,97.44000244140625,97.05999755859375,97.2699966430664,0
2022-01-31,97.22000122070312,97.30000305175781,96.5199966430664,96.54000091552734,0
2022-02-01,96.69999694824219,96.72000122070312,96.23999786376953,96.38999938964844,0
2022-02-02,96.2699966430664,96.30000305175781,95.80999755859375,95.94000244140625,0
2022-02-03,96.0199966430664,96.25,95.23999786376953,95.37999725341797,0
2022-02-04,95.30999755859375,95.69999694824219,95.13999938964844,95.4800033569336,0
2022-02-07,95.4800033569336,95.62999725341797,95.3499984741211,95.4000015258789,0
2022-02-08,95.43000030517578,95.75,95.4000015258789,95.63999938964844,0
2022-02-09,95.58999633789062,95.66999816894531,95.37999725341797,95.48999786376953,0
2022-02-10,95.56999969482422,96.0,95.16999816894531,95.55000305175781,0
2022-02-11,95.94000244140625,96.11000061035156,95.63999938964844,96.08000183105469,0
2022-02-14,96.02999877929688,96.44000244140625,95.91000366210938,96.37000274658203,0
2022-02-15,96.23999786376953,96.29000091552734,95.95999908447266,95.98999786376953,0
2022-02-16,96.01000213623047,96.05999755859375,95.68000030517578,95.69999694824219,0
2022-02-17,95.7699966430664,96.11000061035156,95.70999908447266,95.80000305175781,0
2022-02-18,95.83000183105469,96.16999816894531,95.7300033569336,96.04000091552734,0
2022-02-22,96.08000183105469,96.26000213623047,95.83999633789062,96.02999877929688,0
2022-02-23,96.04000091552734,96.23999786376953,95.8499984741211,96.19000244140625,0
2022-02-24,96.22000122070312,97.73999786376953,96.22000122070312,97.13999938964844,0
2022-02-25,97.0,97.22000122070312,96.5199966430664,96.62000274658203,0
2022-02-28,96.54000091552734,97.41999816894531,96.54000091552734,96.70999908447266,0
2022-03-01,96.7699966430664,97.58000183105469,96.62999725341797,97.41000366210938,0
2022-03-02,97.37000274658203,97.83000183105469,97.29000091552734,97.38999938964844,0
2022-03-03,97.47000122070312,97.94999694824219,97.43000030517578,97.79000091552734,0
2022-03-04,98.04000091552734,98.91999816894531,97.83999633789062,98.6500015258789,0
2022-03-07,98.56999969482422,99.41999816894531,98.56999969482422,99.29000091552734,0
2022-03-08,99.23999786376953,99.31999969482422,98.70999908447266,99.05999755859375,0
2022-03-09,99.12000274658203,99.12000274658203,97.8499984741211,97.97000122070312,0
2022-03-10,98.05999755859375,98.5999984741211,97.70999908447266,98.51000213623047,0
2022-03-11,98.36000061035156,99.16000366210938,98.2699966430664,99.12000274658203,0
2022-03-14,99.12999725341797,99.29000091552734,98.68000030517578,99.05999755859375,0
2022-03-15,99.12999725341797,99.19999694824219,98.63999938964844,99.06999969482422,0
2022-03-16,98.88999938964844,99.08000183105469,98.30000305175781,98.37999725341797,0
2022-03-17,98.5,98.51000213623047,97.7300033569336,98.01000213623047,0
2022-03-18,98.0,98.62000274658203,97.83999633789062,98.2300033569336,0
2022-03-21,98.23999786376953,98.52999877929688,98.16000366210938,98.5,0
2022-03-22,98.48999786376953,98.97000122070312,98.31999969482422,98.48999786376953,0
2022-03-23,98.4800033569336,98.87999725341797,98.38999938964844,98.62000274658203,0
2022-03-24,98.63999938964844,98.95999908447266,98.5999984741211,98.79000091552734,0
2022-03-25,98.75,98.83000183105469,98.4000015258789,98.80999755859375,0
2022-03-28,98.80999755859375,99.37000274658203,98.80000305175781,99.08999633789062,0
2022-03-29,99.08000183105469,99.30000305175781,98.04000091552734,98.4000015258789,0
2022-03-30,98.37000274658203,98.43000030517578,97.69000244140625,97.79000091552734,0
2022-03-31,97.83000183105469,98.4000015258789,97.69000244140625,98.30999755859375,0
2022-04-01,98.33999633789062,98.73999786376953,98.30999755859375,98.62999725341797,0
2022-04-04,98.56999969482422,99.08000183105469,98.5199966430664,98.98999786376953,0
2022-04-05,99.0,99.5199966430664,98.83999633789062,99.47000122070312,0
2022-04-06,99.47000122070312,99.7699966430664,99.30999755859375,99.5999984741211,0
2022-04-07,99.6500015258789,99.83000183105469,99.4000015258789,99.75,0
2022-04-08,99.81999969482422,100.19000244140625,99.73999786376953,99.80000305175781,0
2022-04-11,99.83999633789062,100.05000305175781,99.62000274658203,99.93000030517578,0
2022-04-12,100.04000091552734,100.33000183105469,99.73999786376953,100.29000091552734,0
2022-04-13,100.33999633789062,100.5199966430664,99.83000183105469,99.87999725341797,0
2022-04-14,99.79000091552734,100.76000213623047,99.56999969482422,100.31999969482422,0
2022-04-18,100.5,100.86000061035156,100.45999908447266,100.77999877929688,0
2022-04-19,100.83000183105469,101.02999877929688,100.69999694824219,100.95999908447266,0
2022-04-20,100.9800033569336,101.04000091552734,100.22000122070312,100.38999938964844,0
2022-04-21,100.3499984741211,100.63999938964844,99.81999969482422,100.58000183105469,0
2022-04-22,100.62000274658203,101.33000183105469,100.47000122070312,101.22000122070312,0
2022-04-25,101.12000274658203,101.86000061035156,101.04000091552734,101.75,0
2022-04-26,101.7300033569336,102.36000061035156,101.51000213623047,102.30000305175781,0
2022-04-27,102.27999877929688,103.27999877929688,102.22000122070312,102.94999694824219,0
2022-04-28,103.04000091552734,103.93000030517578,102.9800033569336,103.62000274658203,0
2022-04-29,103.66999816894531,103.66999816894531,102.81999969482422,102.95999908447266,0
2022-05-02,103.20999908447266,103.75,103.11000061035156,103.73999786376953,0
2022-05-03,103.5999984741211,103.66999816894531,103.02999877929688,103.47000122070312,0
2022-05-04,103.45999908447266,103.62000274658203,102.45999908447266,102.58999633789062,0
2022-05-05,102.68000030517578,103.94000244140625,102.3499984741211,103.75,0
2022-05-06,103.55999755859375,104.05999755859375,103.19000244140625,103.66000366210938,0
2022-05-09,103.66000366210938,104.19000244140625,103.38999938964844,103.6500015258789,0
2022-05-10,103.7300033569336,103.9800033569336,103.5,103.91999816894531,0
2022-05-11,103.9000015258789,104.11000061035156,103.37000274658203,103.8499984741211,0
2022-05-12,104.01000213623047,104.93000030517578,103.87999725341797,104.8499984741211,0
2022-05-13,104.7699966430664,105.01000213623047,104.47000122070312,104.55999755859375,0
2022-05-16,104.47000122070312,104.63999938964844,104.13999938964844,104.19000244140625,0
2022-05-17,104.16999816894531,104.2300033569336,103.2300033569336,103.36000061035156,0
2022-05-18,103.33999633789062,103.93000030517578,103.19000244140625,103.80999755859375,0
2022-05-19,103.83000183105469,103.87999725341797,102.66000366210938,102.72000122070312,0
2022-05-20,102.9000015258789,103.26000213623047,102.7699966430664,103.1500015258789,0
2022-05-23,103.02999877929688,103.05000305175781,102.04000091552734,102.08000183105469,0
2022-05-24,102.11000061035156,102.31999969482422,101.6500015258789,101.86000061035156,0
2022-05-25,101.7699966430664,102.44999694824219,101.7300033569336,102.05999755859375,0
2022-05-26,102.0199966430664,102.2699966430664,101.73999786376953,101.83000183105469,0
2022-05-27,101.72000122070312,101.94000244140625,101.43000030517578,101.66999816894531,0
2022-05-31,101.44000244140625,102.16999816894531,101.41000366210938,101.75,0
2022-06-01,101.76000213623047,102.7300033569336,101.73999786376953,102.55000305175781,0
2022-06-02,102.55000305175781,102.62000274658203,101.73999786376953,101.7699966430664,0
2022-06-03,101.75,102.2300033569336,101.63999938964844,102.13999938964844,0
2022-06-06,102.16999816894531,102.47000122070312,101.8499984741211,102.44000244140625,0
2022-06-07,102.48999786376953,102.83999633789062,102.26000213623047,102.31999969482422,0
2022-06-08,102.38999938964844,102.77999877929688,102.2699966430664,102.54000091552734,0
2022-06-09,102.55999755859375,103.37000274658203,102.1500015258789,103.22000122070312,0
2022-06-10,103.33999633789062,104.2300033569336,103.05000305175781,104.1500015258789,0
2022-06-13,104.20999908447266,105.29000091552734,104.20999908447266,105.08000183105469,0
2022-06-14,105.19000244140625,105.6500015258789,104.62000274658203,105.5199966430664,0
2022-06-15,105.3499984741211,105.79000091552734,104.66000366210938,105.16000366210938,0
2022-06-16,104.9000015258789,105.48999786376953,103.41999816894531,103.62999725341797,0
2022-06-17,103.87999725341797,105.08999633789062,103.83000183105469,104.69999694824219,0
2022-06-21,104.44000244140625,104.54000091552734,103.94000244140625,104.44000244140625,0
2022-06-22,104.43000030517578,104.94999694824219,103.86000061035156,104.19999694824219,0
2022-06-23,104.20999908447266,104.7699966430664,104.05999755859375,104.43000030517578,0
2022-06-24,104.37999725341797,104.51000213623047,103.94999694824219,104.19000244140625,0
2022-06-27,104.12000274658203,104.20999908447266,103.66999816894531,103.94000244140625,0
2022-06-28,103.97000122070312,104.61000061035156,103.7699966430664,104.51000213623047,0
2022-06-29,104.45999908447266,105.1500015258789,104.36000061035156,105.11000061035156,0
2022-06-30,105.05999755859375,105.54000091552734,104.6500015258789,104.69000244140625,0
2022-07-01,104.77999877929688,105.63999938964844,104.73999786376953,105.13999938964844,0
2022-07-05,105.13999938964844,106.79000091552734,105.05000305175781,106.5,0
2022-07-06,106.48999786376953,107.26000213623047,106.36000061035156,107.0999984741211,0
2022-07-07,107.06999969482422,107.23999786376953,106.70999908447266,107.12999725341797,0
2022-07-08,107.04000091552734,107.79000091552734,106.80999755859375,107.01000213623047,0
2022-07-11,106.91999816894531,108.2699966430664,106.91999816894531,108.0199966430664,0
2022-07-12,108.18000030517578,108.55999755859375,107.83999633789062,108.06999969482422,0
2022-07-13,108.19000244140625,108.58000183105469,107.4800033569336,107.95999908447266,0
2022-07-14,108.19999694824219,109.29000091552734,108.19999694824219,108.54000091552734,0
2022-07-15,108.66999816894531,108.70999908447266,107.91000366210938,108.05999755859375,0
2022-07-18,107.9800033569336,108.04000091552734,106.88999938964844,107.37000274658203,0
2022-07-19,107.48999786376953,107.62999725341797,106.4000015258789,106.68000030517578,0
2022-07-20,106.66999816894531,107.26000213623047,106.38999938964844,107.08000183105469,0
2022-07-21,107.08999633789062,107.31999969482422,106.41999816894531,106.91000366210938,0
2022-07-22,106.58999633789062,107.36000061035156,106.11000061035156,106.7300033569336,0
2022-07-25,106.55000305175781,106.87999725341797,106.19000244140625,106.4800033569336,0
2022-07-26,106.44999694824219,107.27999877929688,106.19999694824219,107.19000244140625,0
2022-07-27,107.12999725341797,107.43000030517578,106.26000213623047,106.44999694824219,0
2022-07-28,106.37000274658203,106.9800033569336,106.05999755859375,106.3499984741211,0
2022-07-29,106.20999908447266,106.66000366210938,105.54000091552734,105.9000015258789,0
2022-08-01,105.83000183105469,106.02999877929688,105.23999786376953,105.44999694824219,0
2022-08-02,105.36000061035156,106.33999633789062,105.05000305175781,106.23999786376953,0
2022-08-03,106.43000030517578,106.81999969482422,105.97000122070312,106.51000213623047,0
2022-08-04,106.4800033569336,106.51000213623047,105.66999816894531,105.69000244140625,0
2022-08-05,105.72000122070312,106.93000030517578,105.69000244140625,106.62000274658203,0
2022-08-08,106.58000183105469,106.80000305175781,106.08999633789062,106.44000244140625,0
2022-08-09,106.33999633789062,106.41000366210938,105.97000122070312,106.37000274658203,0
2022-08-10,106.33999633789062,106.4000015258789,104.63999938964844,105.19999694824219,0
2022-08-11,105.20999908447266,105.45999908447266,104.6500015258789,105.08999633789062,0
2022-08-12,105.16000366210938,105.87999725341797,105.08999633789062,105.62999725341797,0
2022-08-15,105.66999816894531,106.55000305175781,105.55000305175781,106.55000305175781,0
2022-08-16,106.4800033569336,106.94000244140625,106.31999969482422,106.5,0
2022-08-17,106.44999694824219,106.88999938964844,106.30999755859375,106.56999969482422,0
2022-08-18,106.68000030517578,107.55999755859375,106.51000213623047,107.4800033569336,0
2022-08-19,107.5,108.22000122070312,107.47000122070312,108.16999816894531,0
2022-08-22,108.0999984741211,109.0999984741211,108.08000183105469,109.05000305175781,0
2022-08-23,109.0,109.2699966430664,108.08000183105469,108.62000274658203,0
2022-08-24,108.5199966430664,109.11000061035156,108.36000061035156,108.68000030517578,0
2022-08-25,108.62999725341797,108.69000244140625,107.98999786376953,108.47000122070312,0
2022-08-26,108.47000122070312,108.87000274658203,107.58999633789062,108.80000305175781,0
2022-08-29,108.83999633789062,109.4800033569336,108.48999786376953,108.83999633789062,0
2022-08-30,108.69999694824219,109.11000061035156,108.29000091552734,108.7699966430664,0
2022-08-31,108.75,109.19999694824219,108.37999725341797,108.69999694824219,0
2022-09-01,108.83999633789062,109.9800033569336,108.7699966430664,109.69000244140625,0
2022-09-02,109.63999938964844,109.72000122070312,108.93000030517578,109.52999877929688,0
2022-09-06,109.5999984741211,110.55000305175781,109.37999725341797,110.20999908447266,0
2022-09-07,110.31999969482422,110.79000091552734,109.54000091552734,109.83999633789062,0
2022-09-08,109.66999816894531,110.23999786376953,109.33000183105469,109.70999908447266,0
2022-09-09,109.54000091552734,109.54000091552734,108.36000061035156,109.0,0
2022-09-12,108.5999984741211,108.86000061035156,107.80999755859375,108.33000183105469,0
2022-09-13,108.2300033569336,109.95999908447266,107.68000030517578,109.81999969482422,0
2022-09-14,109.93000030517578,109.93000030517578,109.27999877929688,109.66000366210938,0
2022-09-15,109.61000061035156,109.91999816894531,109.41999816894531,109.73999786376953,0
2022-09-16,109.80000305175781,110.26000213623047,109.4800033569336,109.76000213623047,0
2022-09-19,109.63999938964844,110.18000030517578,109.48999786376953,109.73999786376953,0
2022-09-20,109.58000183105469,110.29000091552734,109.36000061035156,110.22000122070312,0
2022-09-21,110.16000366210938,111.58000183105469,110.12999725341797,110.63999938964844,0
2022-09-22,111.4800033569336,111.80999755859375,110.45999908447266,111.3499984741211,0
2022-09-23,111.23999786376953,113.2300033569336,111.08000183105469,113.19000244140625,0
2022-09-26,113.0199966430664,114.52999877929688,112.94000244140625,114.0999984741211,0
2022-09-27,114.0199966430664,114.47000122070312,113.33000183105469,114.11000061035156,0
2022-09-28,114.19000244140625,114.77999877929688,112.55999755859375,112.5999984741211,0
2022-09-29,113.01000213623047,113.79000091552734,111.91999816894531,112.25,0
2022-09-30,111.75,112.66999816894531,111.58000183105469,112.12000274658203,0
2022-10-03,112.16999816894531,112.54000091552734,111.47000122070312,111.75,0
2022-10-04,111.58999633789062,111.88999938964844,110.05999755859375,110.06999969482422,0
2022-10-05,110.2300033569336,111.73999786376953,110.08999633789062,111.06999969482422,0
2022-10-06,111.0199966430664,112.30999755859375,110.77999877929688,112.26000213623047,0
2022-10-07,112.25,112.87999725341797,111.94999694824219,112.80000305175781,0
2022-10-10,112.75,113.33000183105469,112.62000274658203,113.13999938964844,0
2022-10-11,113.08000183105469,113.5,112.41000366210938,113.22000122070312,0
2022-10-12,113.30999755859375,113.58999633789062,113.05000305175781,113.31999969482422,0
2022-10-13,113.23999786376953,113.91999816894531,112.1500015258789,112.36000061035156,0
2022-10-14,112.47000122070312,113.41999816894531,112.16000366210938,113.30999755859375,0
2022-10-17,113.22000122070312,113.22000122070312,111.91999816894531,112.04000091552734,0
2022-10-18,112.06999969482422,112.45999908447266,111.7699966430664,112.12999725341797,0
2022-10-19,111.91999816894531,113.0999984741211,111.91999816894531,112.9800033569336,0
2022-10-20,112.98999786376953,113.08999633789062,112.16999816894531,112.87999725341797,0
2022-10-21,112.94000244140625,113.94000244140625,111.69999694824219,112.01000213623047,0
2022-10-24,111.87999725341797,112.52999877929688,111.47000122070312,111.98999786376953,0
2022-10-25,111.81999969482422,112.12999725341797,110.76000213623047,110.94999694824219,0
2022-10-26,110.95999908447266,111.13999938964844,109.62999725341797,109.69999694824219,0
2022-10-27,109.62000274658203,110.62000274658203,109.54000091552734,110.58999633789062,0
2022-10-28,110.5,111.04000091552734,110.29000091552734,110.66999816894531,0
2022-10-31,110.66999816894531,111.66999816894531,110.66999816894531,111.52999877929688,0
2022-11-01,111.5199966430664,111.77999877929688,110.72000122070312,111.4800033569336,0
2022-11-02,111.54000091552734,112.1500015258789,110.43000030517578,111.3499984741211,0
2022-11-03,112.16999816894531,113.1500015258789,111.81999969482422,112.93000030517578,0
2022-11-04,112.97000122070312,112.98999786376953,110.72000122070312,110.87999725341797,0
2022-11-07,110.79000091552734,111.2699966430664,110.05000305175781,110.12000274658203,0
2022-11-08,110.05999755859375,110.61000061035156,109.37000274658203,109.62000274658203,0
2022-11-09,109.6500015258789,110.63999938964844,109.44999694824219,110.55000305175781,0
2022-11-10,110.30000305175781,110.98999786376953,107.70999908447266,108.20999908447266,0
2022-11-11,108.23999786376953,108.44000244140625,106.27999877929688,106.29000091552734,0
2022-11-14,106.4800033569336,107.2699966430664,106.4800033569336,106.66000366210938,0
2022-11-15,107.0,107.0999984741211,105.33999633789062,106.4000015258789,0
2022-11-16,106.58000183105469,106.77999877929688,105.86000061035156,106.27999877929688,0
2022-11-17,106.2699966430664,107.23999786376953,106.0999984741211,106.69000244140625,0
2022-11-18,106.69000244140625,107.04000091552734,106.33999633789062,106.93000030517578,0
2022-11-21,106.97000122070312,107.98999786376953,106.88999938964844,107.83999633789062,0
2022-11-22,107.69999694824219,107.75,107.12000274658203,107.22000122070312,0
2022-11-23,107.08000183105469,107.22000122070312,106.02999877929688,106.08000183105469,0
2022-11-25,105.95999908447266,106.41999816894531,105.69000244140625,105.95999908447266,0
2022-11-28,106.05999755859375,106.75,105.31999969482422,106.68000030517578,0
2022-11-29,106.56999969482422,106.87999725341797,106.05999755859375,106.81999969482422,0
2022-11-30,106.72000122070312,107.19999694824219,105.77999877929688,105.94999694824219,0
2022-12-01,105.69999694824219,105.9000015258789,104.66000366210938,104.7300033569336,0
2022-12-02,104.81999969482422,105.58999633789062,104.37999725341797,104.55000305175781,0
2022-12-05,104.51000213623047,105.4000015258789,104.11000061035156,105.29000091552734,0
2022-12-06,105.16000366210938,105.62999725341797,104.88999938964844,105.58000183105469,0
2022-12-07,105.62999725341797,105.81999969482422,104.87999725341797,105.0999984741211,0
2022-12-08,105.19999694824219,105.43000030517578,104.72000122070312,104.7699966430664,0
2022-12-09,104.86000061035156,105.13999938964844,104.4800033569336,104.80999755859375,0
2022-12-12,104.93000030517578,105.25,104.66999816894531,105.12999725341797,0
2022-12-13,104.98999786376953,105.0999984741211,103.58999633789062,103.9800033569336,0
2022-12-14,104.06999969482422,104.16000366210938,103.44999694824219,103.7699966430664,0
2022-12-15,103.66999816894531,104.87999725341797,103.54000091552734,104.55999755859375,0
2022-12-16,104.44999694824219,104.83999633789062,104.20999908447266,104.69999694824219,0
2022-12-19,104.83999633789062,104.93000030517578,104.12999725341797,104.72000122070312,0
2022-12-20,104.7300033569336,104.79000091552734,103.77999877929688,103.97000122070312,0
2022-12-21,103.94999694824219,104.37999725341797,103.8499984741211,104.16000366210938,0
2022-12-22,104.22000122070312,104.5999984741211,103.75,104.43000030517578,0
2022-12-23,104.38999938964844,104.54000091552734,104.12000274658203,104.30999755859375,0
2022-12-27,104.12000274658203,104.4000015258789,103.88999938964844,104.18000030517578,0
2022-12-28,104.33000183105469,104.55999755859375,103.8499984741211,104.45999908447266,0
2022-12-29,104.37000274658203,104.44999694824219,103.77999877929688,103.83999633789062,0
2022-12-30,103.94999694824219,104.0999984741211,103.38999938964844,103.5199966430664,0
2023-01-03,103.66000366210938,104.86000061035156,103.47000122070312,104.5199966430664,0
2023-01-04,104.58000183105469,104.5999984741211,103.83000183105469,104.25,0
2023-01-05,104.06999969482422,105.2699966430664,103.98999786376953,105.04000091552734,0
2023-01-06,105.05000305175781,105.62999725341797,103.87000274658203,103.87999725341797,0
2023-01-09,103.91000366210938,103.94000244140625,102.94000244140625,103.0,0
2023-01-10,103.29000091552734,103.48999786376953,103.02999877929688,103.23999786376953,0
2023-01-11,103.22000122070312,103.4800033569336,103.11000061035156,103.19000244140625,0
2023-01-12,103.05999755859375,103.29000091552734,102.08000183105469,102.25,0
2023-01-13,102.20999908447266,102.6500015258789,101.98999786376953,102.19999694824219,0
2023-01-17,102.31999969482422,102.55999755859375,101.94000244140625,102.38999938964844,0
2023-01-18,102.47000122070312,102.9000015258789,101.52999877929688,102.36000061035156,0
2023-01-19,102.37999725341797,102.4800033569336,101.98999786376953,102.05999755859375,0
2023-01-20,102.08000183105469,102.55000305175781,101.94000244140625,102.01000213623047,0
2023-01-23,101.98999786376953,102.27999877929688,101.58999633789062,102.13999938964844,0
2023-01-24,101.98999786376953,102.43000030517578,101.72000122070312,101.91999816894531,0
2023-01-25,102.01000213623047,102.12000274658203,101.58000183105469,101.63999938964844,0
2023-01-26,101.58000183105469,102.18000030517578,101.5,101.83999633789062,0
2023-01-27,101.72000122070312,102.19000244140625,101.68000030517578,101.93000030517578,0
2023-01-30,101.91999816894531,102.30999755859375,101.66000366210938,102.27999877929688,0
2023-01-31,102.19000244140625,102.61000061035156,102.01000213623047,102.0999984741211,0
2023-02-01,102.0999984741211,102.19000244140625,101.04000091552734,101.22000122070312,0
2023-02-02,100.8499984741211,101.91000366210938,100.81999969482422,101.75,0
2023-02-03,101.83000183105469,103.01000213623047,101.55000305175781,102.91999816894531,0
2023-02-06,103.01000213623047,103.7699966430664,103.01000213623047,103.62000274658203,0
2023-02-07,103.54000091552734,103.95999908447266,103.0,103.43000030517578,0
2023-02-08,103.2699966430664,103.5199966430664,103.0,103.41000366210938,0
2023-02-09,103.43000030517578,103.55000305175781,102.63999938964844,103.22000122070312,0
2023-02-10,103.26000213623047,103.68000030517578,102.9000015258789,103.62999725341797,0
2023-02-13,103.58000183105469,103.83999633789062,103.23999786376953,103.3499984741211,0
2023-02-14,103.22000122070312,103.5199966430664,102.58999633789062,103.2300033569336,0
2023-02-15,103.20999908447266,104.11000061035156,103.16000366210938,103.91999816894531,0
2023-02-16,103.87999725341797,104.2300033569336,103.52999877929688,103.86000061035156,0
2023-02-17,104.19999694824219,104.66999816894531,103.83999633789062,103.86000061035156,0
2023-02-21,103.91000366210938,104.26000213623047,103.7699966430664,104.18000030517578,0
2023-02-22,104.12999725341797,104.5999984741211,104.01000213623047,104.58999633789062,0
2023-02-23,104.5,104.77999877929688,104.30999755859375,104.5999984741211,0
2023-02-24,104.55999755859375,105.31999969482422,104.41999816894531,105.20999908447266,0
2023-02-27,105.26000213623047,105.36000061035156,104.55000305175781,104.66999816894531,0
2023-02-28,104.62999725341797,105.0,104.41999816894531,104.87000274658203,0
2023-03-01,105.04000091552734,105.08999633789062,104.08999633789062,104.4800033569336,0
2023-03-02,104.38999938964844,105.18000030517578,104.38999938964844,105.02999877929688,0
2023-03-03,104.94000244140625,105.0,104.48999786376953,104.5199966430664,0
2023-03-06,104.52999877929688,104.69000244140625,104.16000366210938,104.3499984741211,0
2023-03-07,104.30000305175781,105.6500015258789,104.12000274658203,105.62000274658203,0
2023-03-08,105.66999816894531,105.87999725341797,105.37000274658203,105.66000366210938,0
2023-03-09,105.62000274658203,105.7300033569336,105.1500015258789,105.30999755859375,0
2023-03-10,105.12999725341797,105.3499984741211,104.04000091552734,104.58000183105469,0
2023-03-13,104.38999938964844,104.38999938964844,103.4800033569336,103.5999984741211,0
2023-03-14,103.66999816894531,104.05000305175781,103.5,103.5999984741211,0
2023-03-15,103.73999786376953,105.0999984741211,103.44000244140625,104.6500015258789,0
2023-03-16,104.62000274658203,104.73999786376953,104.19999694824219,104.41999816894531,0
2023-03-17,104.41000366210938,104.44999694824219,103.69000244140625,103.70999908447266,0
2023-03-20,103.86000061035156,103.95999908447266,103.27999877929688,103.27999877929688,0
2023-03-21,103.30999755859375,103.5199966430664,103.0,103.26000213623047,0
2023-03-22,103.19999694824219,103.2699966430664,102.06999969482422,102.3499984741211,0
2023-03-23,102.5,102.63999938964844,101.91999816894531,102.52999877929688,0
2023-03-24,102.5999984741211,103.36000061035156,102.5,103.12000274658203,0
2023-03-27,103.12000274658203,103.2300033569336,102.83000183105469,102.86000061035156,0
2023-03-28,102.75,102.76000213623047,102.37999725341797,102.43000030517578,0
2023-03-29,102.48999786376953,102.79000091552734,102.37000274658203,102.63999938964844,0
2023-03-30,102.62000274658203,102.77999877929688,102.06999969482422,102.13999938964844,0
2023-03-31,102.19999694824219,102.62999725341797,102.05000305175781,102.51000213623047,0
2023-04-03,102.58999633789062,103.05999755859375,101.9800033569336,102.08999633789062,0
2023-04-04,102.01000213623047,102.27999877929688,101.45999908447266,101.58999633789062,0
2023-04-05,101.5199966430664,101.98999786376953,101.41999816894531,101.8499984741211,0
2023-04-06,101.83000183105469,102.13999938964844,101.76000213623047,101.81999969482422,0
2023-04-10,102.0999984741211,102.80999755859375,101.98999786376953,102.58000183105469,0
2023-04-11,102.5199966430664,102.5199966430664,102.01000213623047,102.19999694824219,0
2023-04-12,102.12999725341797,102.16000366210938,101.44999694824219,101.5,0
2023-04-13,101.47000122070312,101.5999984741211,100.8499984741211,101.01000213623047,0
2023-04-14,101.0,101.75,100.79000091552734,101.55000305175781,0
2023-04-17,101.58000183105469,102.2300033569336,101.52999877929688,102.0999984741211,0
2023-04-18,102.0999984741211,102.13999938964844,101.63999938964844,101.75,0
2023-04-19,101.70999908447266,102.2300033569336,101.66000366210938,101.97000122070312,0
2023-04-20,101.98999786376953,102.12999725341797,101.62999725341797,101.83999633789062,0
2023-04-21,101.80000305175781,102.12000274658203,101.6500015258789,101.81999969482422,0
2023-04-24,101.72000122070312,101.91000366210938,101.33000183105469,101.3499984741211,0
2023-04-25,101.26000213623047,101.94999694824219,101.19999694824219,101.86000061035156,0
2023-04-26,101.81999969482422,101.88999938964844,101.01000213623047,101.47000122070312,0
2023-04-27,101.4000015258789,101.80000305175781,101.27999877929688,101.5,0
2023-04-28,101.47000122070312,102.16999816894531,101.41999816894531,101.66999816894531,0
2023-05-01,101.66999816894531,102.19000244140625,101.62000274658203,102.1500015258789,0
2023-05-02,102.1500015258789,102.4000015258789,101.87999725341797,101.95999908447266,0
2023-05-03,101.86000061035156,101.91999816894531,101.06999969482422,101.33999633789062,0
2023-05-04,101.19999694824219,101.63999938964844,101.02999877929688,101.4000015258789,0
2023-05-05,101.33999633789062,101.77999877929688,101.12000274658203,101.20999908447266,0
2023-05-08,101.27999877929688,101.41999816894531,101.04000091552734,101.37000274658203,0
2023-05-09,101.4000015258789,101.83999633789062,101.36000061035156,101.61000061035156,0
2023-05-10,101.62000274658203,101.80999755859375,101.22000122070312,101.4800033569336,0
2023-05-11,101.41000366210938,102.1500015258789,101.30000305175781,102.05999755859375,0
2023-05-12,102.0999984741211,102.70999908447266,101.94000244140625,102.68000030517578,0
2023-05-15,102.70999908447266,102.75,102.37999725341797,102.43000030517578,0
2023-05-16,102.43000030517578,102.69000244140625,102.19999694824219,102.55999755859375,0
2023-05-17,102.61000061035156,103.11000061035156,102.54000091552734,102.87999725341797,0
2023-05-18,102.91000366210938,103.62000274658203,102.80000305175781,103.58000183105469,0
2023-05-19,103.51000213623047,103.62000274658203,103.0,103.19999694824219,0
2023-05-22,103.19000244140625,103.37000274658203,102.95999908447266,103.19999694824219,0
2023-05-23,103.2699966430664,103.6500015258789,103.16000366210938,103.48999786376953,0
2023-05-24,103.54000091552734,103.91000366210938,103.3499984741211,103.88999938964844,0
2023-05-25,103.86000061035156,104.30999755859375,103.83999633789062,104.20999908447266,0
2023-05-26,104.2300033569336,104.41999816894531,103.8499984741211,104.20999908447266,0
2023-05-30,104.30000305175781,104.52999877929688,103.87999725341797,104.16999816894531,0
2023-05-31,104.05000305175781,104.69999694824219,104.01000213623047,104.31999969482422,0
2023-06-01,104.1500015258789,104.5,103.5,103.55999755859375,0
2023-06-02,103.55999755859375,104.08999633789062,103.37999725341797,104.0199966430664,0
2023-06-05,104.04000091552734,104.4000015258789,103.93000030517578,104.0,0
2023-06-06,104.01000213623047,104.37000274658203,103.81999969482422,104.12999725341797,0
2023-06-07,104.12000274658203,104.30000305175781,103.66000366210938,104.0999984741211,0
2023-06-08,104.06999969482422,104.06999969482422,103.30000305175781,103.33999633789062,0
2023-06-09,103.30000305175781,103.61000061035156,103.30000305175781,103.55999755859375,0
2023-06-12,103.55000305175781,103.76000213623047,103.23999786376953,103.62999725341797,0
2023-06-13,103.58000183105469,103.62000274658203,103.05000305175781,103.33999633789062,0
2023-06-14,103.31999969482422,103.4000015258789,102.66000366210938,103.01000213623047,0
2023-06-15,102.95999908447266,103.37999725341797,102.08999633789062,102.12000274658203,0
2023-06-16,102.12000274658203,102.43000030517578,102.01000213623047,102.30000305175781,0
2023-06-20,102.4800033569336,102.79000091552734,102.31999969482422,102.54000091552734,0
2023-06-21,102.5,102.70999908447266,102.0199966430664,102.06999969482422,0
2023-06-22,102.02999877929688,102.47000122070312,101.91999816894531,102.38999938964844,0
2023-06-23,102.37999725341797,103.16999816894531,102.37999725341797,102.9000015258789,0
2023-06-26,102.83000183105469,102.83000183105469,102.61000061035156,102.69000244140625,0
2023-06-27,102.73999786376953,102.80000305175781,102.31999969482422,102.48999786376953,0
2023-06-28,102.51000213623047,103.1500015258789,102.47000122070312,102.91000366210938,0
2023-06-29,102.95999908447266,103.44000244140625,102.77999877929688,103.33999633789062,0
2023-06-30,103.3499984741211,103.54000091552734,102.75,102.91000366210938,0
2023-07-03,102.91999816894531,103.2699966430664,102.75,102.98999786376953,0
2023-07-05,103.08000183105469,103.38999938964844,102.95999908447266,103.37000274658203,0
2023-07-06,103.3499984741211,103.56999969482422,102.91999816894531,103.16999816894531,0
2023-07-07,103.08000183105469,103.19000244140625,102.2300033569336,102.2699966430664,0
2023-07-10,102.29000091552734,102.55999755859375,101.94999694824219,101.97000122070312,0
2023-07-11,101.94000244140625,101.97000122070312,101.6500015258789,101.7300033569336,0
2023-07-12,101.58999633789062,101.61000061035156,100.51000213623047,100.5199966430664,0
2023-07-13,100.5199966430664,100.61000061035156,99.73999786376953,99.7699966430664,0
2023-07-14,99.75,100.0199966430664,99.58000183105469,99.91000366210938,0
2023-07-17,99.95999908447266,100.18000030517578,99.75,99.83999633789062,0
2023-07-18,99.88999938964844,100.11000061035156,99.58999633789062,99.94000244140625,0
2023-07-19,99.9800033569336,100.54000091552734,99.93000030517578,100.27999877929688,0
2023-07-20,100.27999877929688,100.97000122070312,100.0199966430664,100.87999725341797,0
2023-07-21,100.77999877929688,101.19000244140625,100.72000122070312,101.06999969482422,0
2023-07-24,101.08999633789062,101.43000030517578,100.88999938964844,101.3499984741211,0
2023-07-25,101.41999816894531,101.6500015258789,101.19000244140625,101.3499984741211,0
2023-07-26,101.31999969482422,101.44000244140625,100.86000061035156,100.88999938964844,0
2023-07-27,101.11000061035156,101.83999633789062,100.55000305175781,101.7699966430664,0
2023-07-28,101.69000244140625,102.04000091552734,101.36000061035156,101.62000274658203,0
2023-07-31,101.69999694824219,101.91000366210938,101.52999877929688,101.86000061035156,0
2023-08-01,101.87000274658203,102.43000030517578,101.8499984741211,102.30000305175781,0
2023-08-02,101.95999908447266,102.77999877929688,101.95999908447266,102.58999633789062,0
2023-08-03,102.58999633789062,102.83999633789062,102.37000274658203,102.54000091552734,0
2023-08-04,102.44999694824219,102.62000274658203,101.73999786376953,102.0199966430664,0
2023-08-07,102.01000213623047,102.37999725341797,101.97000122070312,102.05000305175781,0
2023-08-08,102.06999969482422,102.80000305175781,102.06999969482422,102.52999877929688,0
2023-08-09,102.55000305175781,102.58000183105469,102.29000091552734,102.48999786376953,0
2023-08-10,102.4800033569336,102.6500015258789,101.77999877929688,102.5199966430664,0
2023-08-11,102.62000274658203,102.91000366210938,102.41999816894531,102.83999633789062,0
2023-08-14,102.8499984741211,103.45999908447266,102.7699966430664,103.19000244140625,0
2023-08-15,103.1500015258789,103.2699966430664,102.81999969482422,103.20999908447266,0
2023-08-16,103.20999908447266,103.52999877929688,102.94000244140625,103.41999816894531,0
2023-08-17,103.4800033569336,103.5999984741211,103.05999755859375,103.44000244140625,0
2023-08-18,103.4000015258789,103.68000030517578,103.2300033569336,103.37999725341797,0
2023-08-21,103.43000030517578,103.5,103.13999938964844,103.33000183105469,0
2023-08-22,103.33000183105469,103.72000122070312,103.01000213623047,103.55999755859375,0
2023-08-23,103.58000183105469,103.9800033569336,103.30000305175781,103.36000061035156,0
2023-08-24,103.36000061035156,104.02999877929688,103.2699966430664,103.9800033569336,0
2023-08-25,104.0999984741211,104.44999694824219,103.73999786376953,104.08000183105469,0
2023-08-28,104.19000244140625,104.20999908447266,103.9800033569336,104.05999755859375,0
2023-08-29,103.91999816894531,104.36000061035156,103.37000274658203,103.55000305175781,0
2023-08-30,103.44000244140625,103.69999694824219,102.94000244140625,103.16000366210938,0
2023-08-31,103.0999984741211,103.73999786376953,103.01000213623047,103.62000274658203,0
2023-09-01,103.62000274658203,104.29000091552734,103.2699966430664,104.23999786376953,0
2023-09-05,104.12999725341797,104.91000366210938,104.11000061035156,104.80999755859375,0
2023-09-06,104.75,105.0199966430664,104.58999633789062,104.86000061035156,0
2023-09-07,104.86000061035156,105.16000366210938,104.80000305175781,105.05999755859375,0
2023-09-08,105.05999755859375,105.0999984741211,104.66000366210938,105.08999633789062,0
2023-09-11,104.94000244140625,104.94000244140625,104.41999816894531,104.56999969482422,0
2023-09-12,104.55999755859375,104.91999816894531,104.45999908447266,104.70999908447266,0
2023-09-13,104.58000183105469,104.97000122070312,104.51000213623047,104.7699966430664,0
2023-09-14,104.73999786376953,105.44000244140625,104.55999755859375,105.41000366210938,0
2023-09-15,105.37999725341797,105.41000366210938,105.08000183105469,105.31999969482422,0
2023-09-18,105.30000305175781,105.36000061035156,105.0199966430664,105.19999694824219,0
2023-09-19,105.08000183105469,105.20999908447266,104.81999969482422,105.19999694824219,0
2023-09-20,105.11000061035156,105.44000244140625,104.66999816894531,105.16000366210938,0
2023-09-21,105.44000244140625,105.73999786376953,105.27999877929688,105.36000061035156,0
2023-09-22,105.37999725341797,105.77999877929688,105.31999969482422,105.58000183105469,0
2023-09-25,105.56999969482422,106.0999984741211,105.5199966430664,106.0,0
2023-09-26,105.94000244140625,106.26000213623047,105.86000061035156,106.2300033569336,0
2023-09-27,106.22000122070312,106.83999633789062,106.16999816894531,106.66999816894531,0
2023-09-28,106.68000030517578,106.76000213623047,106.0199966430664,106.22000122070312,0
2023-09-29,106.1500015258789,106.23999786376953,105.66000366210938,106.16999816894531,0
2023-10-02,106.16999816894531,107.02999877929688,106.04000091552734,106.9000015258789,0
2023-10-03,107.02999877929688,107.3499984741211,106.91000366210938,107.0,0
2023-10-04,107.05999755859375,107.23999786376953,106.51000213623047,106.80000305175781,0
2023-10-05,106.7699966430664,106.86000061035156,106.31999969482422,106.33000183105469,0
2023-10-06,106.36000061035156,106.97000122070312,105.94999694824219,106.04000091552734,0
2023-10-09,106.0999984741211,106.5999984741211,106.0199966430664,106.08000183105469,0
2023-10-10,106.02999877929688,106.25,105.66000366210938,105.83000183105469,0
2023-10-11,105.7300033569336,106.01000213623047,105.55999755859375,105.81999969482422,0
2023-10-12,105.66999816894531,106.5999984741211,105.54000091552734,106.56999969482422,0
2023-10-13,106.5199966430664,106.79000091552734,106.29000091552734,106.6500015258789,0
2023-10-16,106.58000183105469,106.62999725341797,106.18000030517578,106.23999786376953,0
2023-10-17,106.26000213623047,106.52999877929688,106.0199966430664,106.25,0
2023-10-18,106.22000122070312,106.63999938964844,106.01000213623047,106.56999969482422,0
2023-10-19,106.54000091552734,106.66999816894531,105.9800033569336,106.25,0
2023-10-20,106.26000213623047,106.41999816894531,106.06999969482422,106.16000366210938,0
2023-10-23,106.16000366210938,106.33000183105469,105.5199966430664,105.54000091552734,0
2023-10-24,105.61000061035156,106.31999969482422,105.36000061035156,106.2699966430664,0
2023-10-25,106.25,106.56999969482422,106.13999938964844,106.52999877929688,0
2023-10-26,106.58000183105469,106.88999938964844,106.52999877929688,106.5999984741211,0
2023-10-27,106.58999633789062,106.80000305175781,106.31999969482422,106.55999755859375,0
2023-10-30,106.58000183105469,106.69999694824219,106.05999755859375,106.12000274658203,0
2023-10-31,106.16000366210938,106.86000061035156,105.91000366210938,106.66000366210938,0
2023-11-01,106.66999816894531,107.11000061035156,106.61000061035156,106.87999725341797,0
2023-11-02,106.5,106.51000213623047,105.80999755859375,106.12000274658203,0
2023-11-03,106.19999694824219,106.22000122070312,104.94000244140625,105.0199966430664,0
2023-11-06,105.06999969482422,105.29000091552734,104.8499984741211,105.22000122070312,0
2023-11-07,105.2699966430664,105.77999877929688,105.2699966430664,105.54000091552734,0
2023-11-08,105.54000091552734,105.87000274658203,105.44999694824219,105.58999633789062,0
2023-11-09,105.52999877929688,105.97000122070312,105.37999725341797,105.91000366210938,0
2023-11-10,105.93000030517578,106.01000213623047,105.73999786376953,105.86000061035156,0
2023-11-13,105.80000305175781,105.95999908447266,105.58999633789062,105.66000366210938,0
2023-11-14,105.6500015258789,105.7300033569336,103.98999786376953,104.11000061035156,0
2023-11-15,104.37999725341797,104.51000213623047,103.9800033569336,104.38999938964844,0
2023-11-16,104.36000061035156,104.55999755859375,104.01000213623047,104.37000274658203,0
2023-11-17,104.4000015258789,104.55000305175781,103.80999755859375,103.81999969482422,0
2023-11-20,103.81999969482422,103.97000122070312,103.37999725341797,103.47000122070312,0
2023-11-21,103.47000122070312,103.70999908447266,103.18000030517578,103.56999969482422,0
2023-11-22,103.55000305175781,104.20999908447266,103.4800033569336,103.91999816894531,0
2023-11-24,103.75,103.83999633789062,103.36000061035156,103.4000015258789,0
2023-11-27,103.41999816894531,103.52999877929688,103.19000244140625,103.19999694824219,0
2023-11-28,103.12999725341797,103.31999969482422,102.61000061035156,102.75,0
2023-11-29,102.6500015258789,103.01000213623047,102.47000122070312,102.7699966430664,0
2023-11-30,102.83000183105469,103.58999633789062,102.72000122070312,103.5,0
2023-12-01,103.36000061035156,103.72000122070312,103.12000274658203,103.2699966430664,0
2023-12-04,103.19000244140625,103.8499984741211,103.05999755859375,103.63999938964844,0
2023-12-05,103.55999755859375,104.08999633789062,103.55000305175781,104.05000305175781,0
2023-12-06,103.98999786376953,104.2300033569336,103.87000274658203,104.1500015258789,0
2023-12-07,104.11000061035156,104.19999694824219,103.2699966430664,103.54000091552734,0
2023-12-08,103.63999938964844,104.26000213623047,103.44000244140625,104.01000213623047,0
2023-12-11,103.9800033569336,104.26000213623047,103.93000030517578,104.0999984741211,0
2023-12-12,104.02999877929688,104.0999984741211,103.48999786376953,103.87000274658203,0
2023-12-13,103.81999969482422,104.02999877929688,102.77999877929688,102.87000274658203,0
2023-12-14,102.77999877929688,102.80000305175781,101.7699966430664,101.95999908447266,0
2023-12-15,102.0999984741211,102.63999938964844,101.83999633789062,102.55000305175781,0
2023-12-18,102.58999633789062,102.62999725341797,102.37999725341797,102.51000213623047,0
2023-12-19,102.47000122070312,102.62999725341797,102.06999969482422,102.16999816894531,0
2023-12-20,102.19000244140625,102.54000091552734,102.16000366210938,102.41000366210938,0
2023-12-21,102.38999938964844,102.44999694824219,101.73999786376953,101.83999633789062,0
2023-12-22,101.76000213623047,101.9000015258789,101.43000030517578,101.69999694824219,0
2023-12-26,101.6500015258789,101.7699966430664,101.44999694824219,101.47000122070312,0
2023-12-27,101.55000305175781,101.56999969482422,100.83000183105469,100.98999786376953,0
2023-12-28,100.87000274658203,101.30000305175781,100.62000274658203,101.2300033569336,0
2023-12-29,101.19999694824219,101.41999816894531,101.06999969482422,101.33000183105469,0
2024-01-02,101.41999816894531,102.25,101.33999633789062,102.19999694824219,0
2024-01-03,102.1500015258789,102.7300033569336,102.08000183105469,102.45999908447266,0
2024-01-04,102.45999908447266,102.52999877929688,102.1500015258789,102.41999816894531,0
2024-01-05,102.4000015258789,103.0999984741211,101.91000366210938,102.41000366210938,0
2024-01-08,102.44000244140625,102.62000274658203,102.08000183105469,102.20999908447266,0
2024-01-09,102.22000122070312,102.66000366210938,102.11000061035156,102.56999969482422,0
2024-01-10,102.4800033569336,102.63999938964844,102.33999633789062,102.36000061035156,0
2024-01-11,102.30000305175781,102.76000213623047,102.16000366210938,102.29000091552734,0
2024-01-12,102.30000305175781,102.58999633789062,102.08999633789062,102.4000015258789,0
2024-01-16,102.73999786376953,103.43000030517578,102.73999786376953,103.36000061035156,0
2024-01-17,103.36000061035156,103.69000244140625,103.26000213623047,103.44999694824219,0
2024-01-18,103.37000274658203,103.62999725341797,103.1500015258789,103.54000091552734,0
2024-01-19,103.37000274658203,103.55000305175781,103.23999786376953,103.29000091552734,0
2024-01-22,103.23999786376953,103.37000274658203,103.11000061035156,103.33000183105469,0
2024-01-23,103.3499984741211,103.81999969482422,102.9800033569336,103.62000274658203,0
2024-01-24,103.51000213623047,103.55000305175781,102.7699966430664,103.23999786376953,0
2024-01-25,103.3499984741211,103.68000030517578,103.12000274658203,103.56999969482422,0
2024-01-26,103.5199966430664,103.7300033569336,103.1500015258789,103.47000122070312,0
2024-01-29,103.47000122070312,103.81999969482422,103.4000015258789,103.61000061035156,0
2024-01-30,103.44000244140625,103.61000061035156,103.30999755859375,103.4000015258789,0
2024-01-31,103.41999816894531,103.73999786376953,102.94000244140625,103.2699966430664,0
2024-02-01,103.51000213623047,103.80999755859375,103.0199966430664,103.05000305175781,0
2024-02-02,102.98999786376953,104.04000091552734,102.9000015258789,103.91999816894531,0
2024-02-05,103.98999786376953,104.5999984741211,103.98999786376953,104.44999694824219,0
2024-02-06,104.44000244140625,104.58999633789062,104.13999938964844,104.18000030517578,0
2024-02-07,104.1500015258789,104.16999816894531,103.94000244140625,104.04000091552734,0
2024-02-08,104.02999877929688,104.43000030517578,103.95999908447266,104.1500015258789,0
2024-02-09,104.13999938964844,104.26000213623047,103.94999694824219,104.08000183105469,0
2024-02-12,104.08000183105469,104.27999877929688,103.9000015258789,104.16999816894531,0
2024-02-13,104.18000030517578,104.95999908447266,103.97000122070312,104.95999908447266,0
2024-02-14,104.83999633789062,104.9800033569336,104.66000366210938,104.72000122070312,0
2024-02-15,104.66000366210938,104.70999908447266,104.18000030517578,104.30000305175781,0
2024-02-16,104.30000305175781,104.66999816894531,104.16999816894531,104.30000305175781,0
2024-02-20,104.31999969482422,104.41000366210938,103.80000305175781,104.08000183105469,0
2024-02-21,104.04000091552734,104.20999908447266,103.94000244140625,104.01000213623047,0
2024-02-22,103.91000366210938,104.12999725341797,103.43000030517578,103.95999908447266,0
2024-02-23,103.94999694824219,104.05000305175781,103.7699966430664,103.94000244140625,0
2024-02-26,103.95999908447266,104.0199966430664,103.70999908447266,103.83000183105469,0
2024-02-27,103.77999877929688,103.91999816894531,103.61000061035156,103.83000183105469,0
2024-02-28,103.83999633789062,104.23999786376953,103.80999755859375,103.9800033569336,0
2024-02-29,103.91999816894531,104.19999694824219,103.66000366210938,104.16000366210938,0
2024-03-01,104.12999725341797,104.29000091552734,103.83999633789062,103.86000061035156,0
2024-03-04,103.88999938964844,103.95999908447266,103.7300033569336,103.83000183105469,0
2024-03-05,103.8499984741211,103.94999694824219,103.58000183105469,103.80000305175781,0
2024-03-06,103.80999755859375,103.88999938964844,103.19999694824219,103.37000274658203,0
2024-03-07,103.30999755859375,103.3499984741211,102.80000305175781,102.81999969482422,0
2024-03-08,102.7300033569336,102.9000015258789,102.36000061035156,102.73999786376953,0
2024-03-11,102.73999786376953,102.93000030517578,102.63999938964844,102.87000274658203,0
2024-03-12,102.81999969482422,103.18000030517578,102.72000122070312,102.95999908447266,0
2024-03-13,102.93000030517578,103.0199966430664,102.66999816894531,102.79000091552734,0
2024-03-14,102.76000213623047,103.4000015258789,102.73999786376953,103.36000061035156,0
2024-03-15,103.38999938964844,103.48999786376953,103.30000305175781,103.43000030517578,0
2024-03-18,103.44999694824219,103.6500015258789,103.33999633789062,103.58000183105469,0
2024-03-19,103.58999633789062,104.05999755859375,103.58000183105469,103.80999755859375,0
2024-03-20,103.83999633789062,104.1500015258789,103.37999725341797,103.41000366210938,0
2024-03-21,103.23999786376953,104.05000305175781,103.16999816894531,104.0,0
2024-03-22,103.98999786376953,104.5,103.91999816894531,104.43000030517578,0
2024-03-25,104.43000030517578,104.4800033569336,104.13999938964844,104.2300033569336,0
2024-03-26,104.22000122070312,104.33999633789062,104.01000213623047,104.29000091552734,0
2024-03-27,104.30000305175781,104.45999908447266,104.22000122070312,104.3499984741211,0
2024-03-28,104.44000244140625,104.7300033569336,104.30999755859375,104.55000305175781,0
2024-04-01,104.48999786376953,105.08000183105469,104.41999816894531,105.0199966430664,0
2024-04-02,105.0,105.0999984741211,104.68000030517578,104.81999969482422,0
2024-04-03,104.7699966430664,104.83999633789062,104.2300033569336,104.25,0
2024-04-04,104.2300033569336,104.26000213623047,103.91999816894531,104.12000274658203,0
2024-04-05,104.20999908447266,104.69000244140625,104.13999938964844,104.30000305175781,0
2024-04-08,104.29000091552734,104.44000244140625,104.0999984741211,104.13999938964844,0
2024-04-09,104.12000274658203,104.19999694824219,103.87999725341797,104.1500015258789,0
2024-04-10,104.0999984741211,105.30000305175781,104.0199966430664,105.25,0
2024-04-11,105.18000030517578,105.52999877929688,105.02999877929688,105.27999877929688,0
2024-04-12,105.27999877929688,106.11000061035156,105.23999786376953,106.04000091552734,0
2024-04-15,106.01000213623047,106.25,105.83999633789062,106.20999908447266,0
2024-04-16,106.16999816894531,106.5199966430664,106.06999969482422,106.26000213623047,0
2024-04-17,106.33000183105469,106.44000244140625,105.87000274658203,105.94999694824219,0
2024-04-18,105.93000030517578,106.18000030517578,105.73999786376953,106.1500015258789,0
2024-04-19,106.19000244140625,106.3499984741211,105.8499984741211,106.1500015258789,0
2024-04-22,106.12000274658203,106.4000015258789,105.9800033569336,106.08000183105469,0
2024-04-23,106.12000274658203,106.23999786376953,105.61000061035156,105.69000244140625,0
2024-04-24,105.69000244140625,105.94999694824219,105.58999633789062,105.86000061035156,0
2024-04-25,105.81999969482422,106.0,105.51000213623047,105.5999984741211,0
2024-04-26,105.58000183105469,106.19000244140625,105.41000366210938,105.94000244140625,0
2024-04-29,106.08000183105469,106.08000183105469,105.45999908447266,105.58000183105469,0
2024-04-30,105.66999816894531,106.3499984741211,105.66999816894531,106.22000122070312,0
2024-05-01,106.31999969482422,106.48999786376953,105.44000244140625,105.76000213623047,0
2024-05-02,105.7300033569336,105.9000015258789,105.30000305175781,105.30000305175781,0
2024-05-03,105.30999755859375,105.37000274658203,104.5199966430664,105.02999877929688,0
2024-05-06,105.08000183105469,105.19999694824219,104.87000274658203,105.05000305175781,0
2024-05-07,105.13999938964844,105.44999694824219,105.02999877929688,105.41000366210938,0
2024-05-08,105.41999816894531,105.63999938964844,105.38999938964844,105.55000305175781,0
2024-05-09,105.5199966430664,105.73999786376953,105.20999908447266,105.2300033569336,0
2024-05-10,105.20999908447266,105.4000015258789,105.13999938964844,105.30999755859375,0
2024-05-13,105.30999755859375,105.37000274658203,105.05999755859375,105.22000122070312,0
2024-05-14,105.19999694824219,105.45999908447266,104.95999908447266,105.01000213623047,0
2024-05-15,105.05000305175781,105.05999755859375,104.29000091552734,104.3499984741211,0
2024-05-16,104.20999908447266,104.62999725341797,104.08000183105469,104.45999908447266,0
2024-05-17,104.5,104.80000305175781,104.38999938964844,104.44999694824219,0
2024-05-20,104.5,104.6500015258789,104.38999938964844,104.56999969482422,0
2024-05-21,104.5999984741211,104.7699966430664,104.4800033569336,104.66000366210938,0
2024-05-22,104.62000274658203,104.97000122070312,104.55999755859375,104.94000244140625,0
2024-05-23,104.9000015258789,105.11000061035156,104.62999725341797,105.11000061035156,0
2024-05-24,105.04000091552734,105.12000274658203,104.63999938964844,104.72000122070312,0
2024-05-28,104.58000183105469,104.63999938964844,104.33999633789062,104.61000061035156,0
2024-05-29,104.63999938964844,105.13999938964844,104.58999633789062,105.0999984741211,0
2024-05-30,105.12999725341797,105.18000030517578,104.62999725341797,104.72000122070312,0
2024-05-31,104.76000213623047,104.9000015258789,104.36000061035156,104.66999816894531,0
2024-06-03,104.62999725341797,104.7699966430664,104.05999755859375,104.13999938964844,0
2024-06-04,104.05000305175781,104.33000183105469,103.98999786376953,104.11000061035156,0
2024-06-05,104.16999816894531,104.45999908447266,104.12999725341797,104.2699966430664,0
2024-06-06,104.25,104.37000274658203,104.05000305175781,104.0999984741211,0
2024-06-07,104.08999633789062,104.94999694824219,104.0,104.88999938964844,0
2024-06-10,105.04000091552734,105.38999938964844,105.04000091552734,105.1500015258789,0
2024-06-11,105.1500015258789,105.45999908447266,105.0999984741211,105.2300033569336,0
2024-06-12,105.27999877929688,105.31999969482422,104.26000213623047,104.6500015258789,0
2024-06-13,104.69000244140625,105.27999877929688,104.63999938964844,105.19999694824219,0
2024-06-14,105.2300033569336,105.80999755859375,105.18000030517578,105.55000305175781,0
2024-06-17,105.51000213623047,105.6500015258789,105.30999755859375,105.31999969482422,0
2024-06-18,105.30000305175781,105.55999755859375,105.12999725341797,105.26000213623047,0
2024-06-20,105.19999694824219,105.66999816894531,105.19999694824219,105.58999633789062,0
2024-06-21,105.63999938964844,105.91999816894531,105.54000091552734,105.80000305175781,0
2024-06-24,105.83000183105469,105.9000015258789,105.37000274658203,105.47000122070312,0
2024-06-25,105.51000213623047,105.77999877929688,105.37000274658203,105.61000061035156,0
2024-06-26,105.66000366210938,106.12999725341797,105.61000061035156,106.05000305175781,0
2024-06-27,106.06999969482422,106.08000183105469,105.70999908447266,105.91000366210938,0
2024-06-28,105.91999816894531,106.12999725341797,105.75,105.87000274658203,0
2024-07-01,105.8499984741211,105.9800033569336,105.43000030517578,105.9000015258789,0
2024-07-02,105.8499984741211,106.05000305175781,105.68000030517578,105.72000122070312,0
2024-07-03,105.66999816894531,105.80000305175781,105.05000305175781,105.4000015258789,0
2024-07-05,105.16999816894531,105.16999816894531,104.83000183105469,104.87999725341797,0
2024-07-08,104.87999725341797,105.02999877929688,104.80000305175781,105.01000213623047,0
2024-07-09,104.98999786376953,105.20999908447266,104.95999908447266,105.12999725341797,0
2024-07-10,105.12000274658203,105.16999816894531,104.9800033569336,105.05000305175781,0
2024-07-11,104.98999786376953,105.0,104.08000183105469,104.44000244140625,0
2024-07-12,104.5199966430664,104.55000305175781,104.04000091552734,104.08999633789062,0
2024-07-15,104.08000183105469,104.31999969482422,104.02999877929688,104.19000244140625,0
2024-07-16,104.25,104.51000213623047,104.19999694824219,104.2699966430664,0
2024-07-17,104.22000122070312,104.29000091552734,103.6500015258789,103.75,0
2024-07-18,103.69999694824219,104.2300033569336,103.6500015258789,104.16999816894531,0
2024-07-19,104.16000366210938,104.41999816894531,104.12999725341797,104.4000015258789,0
2024-07-22,104.37000274658203,104.41999816894531,104.18000030517578,104.30999755859375,0
2024-07-23,104.30999755859375,104.54000091552734,104.19999694824219,104.44999694824219,0
2024-07-24,104.4800033569336,104.55999755859375,104.12000274658203,104.38999938964844,0
2024-07-25,104.37999725341797,104.45999908447266,104.08000183105469,104.36000061035156,0
2024-07-26,104.36000061035156,104.44999694824219,104.20999908447266,104.31999969482422,0
2024-07-29,104.33000183105469,104.75,104.13999938964844,104.55999755859375,0
2024-07-30,104.55999755859375,104.80000305175781,104.45999908447266,104.55000305175781,0
2024-07-31,104.43000030517578,104.52999877929688,103.93000030517578,104.0999984741211,0
2024-08-01,104.06999969482422,104.44999694824219,103.86000061035156,104.41999816894531,0
2024-08-02,104.30999755859375,104.43000030517578,103.12999725341797,103.20999908447266,0
2024-08-05,103.22000122070312,103.27999877929688,102.16000366210938,102.69000244140625,0
2024-08-06,102.77999877929688,103.2300033569336,102.69999694824219,102.97000122070312,0
2024-08-07,102.94999694824219,103.37000274658203,102.91999816894531,103.19999694824219,0
2024-08-08,103.08999633789062,103.55000305175781,102.91999816894531,103.20999908447266,0
2024-08-09,103.2699966430664,103.30000305175781,103.02999877929688,103.13999938964844,0
2024-08-12,103.1500015258789,103.30999755859375,103.08999633789062,103.13999938964844,0
2024-08-13,103.08999633789062,103.2699966430664,102.55000305175781,102.55999755859375,0
2024-08-14,102.61000061035156,102.72000122070312,102.2699966430664,102.56999969482422,0
2024-08-15,102.62999725341797,103.2300033569336,102.54000091552734,102.9800033569336,0
2024-08-16,103.04000091552734,103.05000305175781,102.38999938964844,102.45999908447266,0
2024-08-19,102.4000015258789,102.4800033569336,101.8499984741211,101.88999938964844,0
2024-08-20,101.87999725341797,102.01000213623047,101.36000061035156,101.44000244140625,0
2024-08-21,101.3499984741211,101.62999725341797,100.91999816894531,101.04000091552734,0
2024-08-22,101.12999725341797,101.62999725341797,101.08999633789062,101.51000213623047,0
2024-08-23,101.45999908447266,101.55000305175781,100.5999984741211,100.72000122070312,0
2024-08-26,100.68000030517578,100.91999816894531,100.52999877929688,100.8499984741211,0
2024-08-27,100.81999969482422,100.93000030517578,100.51000213623047,100.55000305175781,0
2024-08-28,100.56999969482422,101.18000030517578,100.56999969482422,101.08999633789062,0
2024-08-29,101.0,101.58000183105469,100.88999938964844,101.33999633789062,0
2024-08-30,101.37999725341797,101.77999877929688,101.25,101.69999694824219,0
2024-09-03,101.66000366210938,101.91999816894531,101.55999755859375,101.83000183105469,0
2024-09-04,101.69000244140625,101.77999877929688,101.23999786376953,101.36000061035156,0
2024-09-05,101.27999877929688,101.37000274658203,100.95999908447266,101.11000061035156,0
2024-09-06,101.05999755859375,101.4000015258789,100.58000183105469,101.18000030517578,0
2024-09-09,101.19000244140625,101.69999694824219,101.13999938964844,101.55000305175781,0
2024-09-10,101.63999938964844,101.7699966430664,101.54000091552734,101.62999725341797,0
2024-09-11,101.66000366210938,101.81999969482422,101.2699966430664,101.68000030517578,0
2024-09-12,101.77999877929688,101.83999633789062,101.2300033569336,101.37000274658203,0
2024-09-13,101.19999694824219,101.19999694824219,100.87999725341797,101.11000061035156,0
2024-09-16,101.04000091552734,101.0999984741211,100.58999633789062,100.76000213623047,0
2024-09-17,100.76000213623047,101.02999877929688,100.56999969482422,100.88999938964844,0
2024-09-18,100.94000244140625,101.1500015258789,100.22000122070312,100.5999984741211,0
2024-09-19,101.01000213623047,101.47000122070312,100.5199966430664,100.61000061035156,0
2024-09-20,100.69000244140625,101.0199966430664,100.41000366210938,100.72000122070312,0
2024-09-23,100.73999786376953,101.2300033569336,100.72000122070312,100.91999816894531,0
2024-09-24,100.97000122070312,101.05000305175781,100.33999633789062,100.37000274658203,0
2024-09-25,100.27999877929688,100.98999786376953,100.22000122070312,100.91999816894531,0
2024-09-26,100.93000030517578,100.97000122070312,100.4800033569336,100.55999755859375,0
2024-09-27,100.58999633789062,100.87999725341797,100.16000366210938,100.41999816894531,0
2024-09-30,100.41999816894531,100.91999816894531,100.18000030517578,100.77999877929688,0
2024-10-01,100.73999786376953,101.38999938964844,100.69999694824219,101.19000244140625,0
2024-10-02,101.23999786376953,101.69000244140625,101.16000366210938,101.68000030517578,0
2024-10-03,101.63999938964844,102.0999984741211,101.62999725341797,101.98999786376953,0
2024-10-04,101.91000366210938,102.69000244140625,101.80999755859375,102.5199966430664,0
2024-10-07,102.48999786376953,102.62000274658203,102.37000274658203,102.54000091552734,0
2024-10-08,102.45999908447266,102.63999938964844,102.29000091552734,102.55000305175781,0
2024-10-09,102.48999786376953,102.94000244140625,102.45999908447266,102.93000030517578,0
2024-10-10,102.87999725341797,103.18000030517578,102.72000122070312,102.98999786376953,0
2024-10-11,102.87999725341797,102.98999786376953,102.7699966430664,102.88999938964844,0
2024-10-14,102.93000030517578,103.36000061035156,102.93000030517578,103.30000305175781,0
2024-10-15,103.20999908447266,103.3499984741211,103.02999877929688,103.26000213623047,0
2024-10-16,103.26000213623047,103.61000061035156,103.16999816894531,103.58999633789062,0
2024-10-17,103.55999755859375,103.87000274658203,103.44000244140625,103.83000183105469,0
2024-10-18,103.80999755859375,103.80999755859375,103.45999908447266,103.48999786376953,0
2024-10-21,103.45999908447266,104.0199966430664,103.41999816894531,104.01000213623047,0
2024-10-22,103.97000122070312,104.12999725341797,103.81999969482422,104.08000183105469,0
2024-10-23,104.08999633789062,104.56999969482422,104.08999633789062,104.43000030517578,0
2024-10-24,104.43000030517578,104.45999908447266,104.01000213623047,104.05999755859375,0
2024-10-25,104.05000305175781,104.33999633789062,103.94000244140625,104.26000213623047,0
2024-10-28,104.31999969482422,104.56999969482422,104.12000274658203,104.31999969482422,0
2024-10-29,104.30999755859375,104.63999938964844,104.20999908447266,104.27999877929688,0
2024-10-30,104.25,104.44000244140625,103.9800033569336,103.98999786376953,0
2024-10-31,104.08999633789062,104.22000122070312,103.81999969482422,103.9800033569336,0
2024-11-01,103.86000061035156,104.3499984741211,103.68000030517578,104.27999877929688,0
2024-11-04,103.97000122070312,103.97000122070312,103.58000183105469,103.88999938964844,0
2024-11-05,103.91000366210938,103.95999908447266,103.37000274658203,103.41999816894531,0
2024-11-06,104.04000091552734,105.44000244140625,104.04000091552734,105.08999633789062,0
2024-11-07,105.16000366210938,105.25,104.19000244140625,104.51000213623047,0
2024-11-08,104.44999694824219,105.20999908447266,104.33999633789062,105.0,0
2024-11-11,104.94999694824219,105.70999908447266,104.93000030517578,105.54000091552734,0
2024-11-12,105.48999786376953,106.18000030517578,105.48999786376953,106.0199966430664,0
2024-11-13,106.0199966430664,106.54000091552734,105.72000122070312,106.4800033569336,0
2024-11-14,106.5,107.05999755859375,106.37999725341797,106.66999816894531,0
2024-11-15,106.9000015258789,106.95999908447266,106.33000183105469,106.69000244140625,0
2024-11-18,106.66999816894531,106.80999755859375,106.12999725341797,106.27999877929688,0
2024-11-19,106.26000213623047,106.62999725341797,106.11000061035156,106.20999908447266,0
2024-11-20,106.12000274658203,106.91999816894531,106.11000061035156,106.68000030517578,0
2024-11-21,106.58999633789062,107.16000366210938,106.45999908447266,106.97000122070312,0
2024-11-22,107.05999755859375,108.06999969482422,106.91999816894531,107.48999786376953,0
2024-11-25,107.25,107.25,106.58000183105469,106.81999969482422,0
2024-11-26,107.48999786376953,107.5,106.48999786376953,107.01000213623047,0
2024-11-27,106.81999969482422,106.91999816894531,105.86000061035156,106.08000183105469,0
2024-11-29,105.94999694824219,106.12999725341797,105.62000274658203,105.73999786376953,0
2024-12-02,105.81999969482422,106.7300033569336,105.81999969482422,106.44999694824219,0
2024-12-03,106.4800033569336,106.5999984741211,106.08999633789062,106.37000274658203,0
2024-12-04,106.43000030517578,106.72000122070312,106.08999633789062,106.33999633789062,0
2024-12-05,106.33999633789062,106.37000274658203,105.69999694824219,105.70999908447266,0
2024-12-06,105.79000091552734,106.16000366210938,105.41999816894531,105.97000122070312,0
2024-12-09,105.97000122070312,106.20999908447266,105.80000305175781,106.1500015258789,0
2024-12-10,106.18000030517578,106.63999938964844,106.04000091552734,106.4000015258789,0
2024-12-11,106.37000274658203,106.80999755859375,106.2699966430664,106.70999908447266,0
2024-12-12,106.56999969482422,107.04000091552734,106.3499984741211,106.95999908447266,0
2024-12-13,106.97000122070312,107.19000244140625,106.72000122070312,107.0,0
2024-12-16,106.94999694824219,107.16999816894531,106.75,106.86000061035156,0
2024-12-17,106.81999969482422,107.08000183105469,106.69999694824219,106.95999908447266,0
2024-12-18,106.93000030517578,108.2699966430664,106.81999969482422,108.02999877929688,0
2024-12-19,108.0999984741211,108.48999786376953,107.81999969482422,108.41000366210938,0
2024-12-20,108.4800033569336,108.54000091552734,107.58999633789062,107.62000274658203,0
2024-12-23,107.81999969482422,108.27999877929688,107.68000030517578,108.04000091552734,0
2024-12-24,108.16000366210938,108.30000305175781,107.91999816894531,108.26000213623047,0
2024-12-26,108.16999816894531,108.30000305175781,108.02999877929688,108.12999725341797,0
2024-12-27,108.08000183105469,108.19999694824219,107.87000274658203,108.0,0
2024-12-30,108.01000213623047,108.37999725341797,107.73999786376953,108.12999725341797,0
2024-12-31,108.08999633789062,108.58000183105469,107.87000274658203,108.48999786376953,0
2025-01-02,108.52999877929688,109.52999877929688,108.2699966430664,109.38999938964844,0
2025-01-03,109.19999694824219,109.22000122070312,108.9000015258789,108.94999694824219,0
2025-01-06,108.91999816894531,109.06999969482422,107.75,108.26000213623047,0
2025-01-07,108.33999633789062,108.69999694824219,107.8499984741211,108.54000091552734,0
2025-01-08,108.62000274658203,109.37999725341797,108.55000305175781,109.08999633789062,0
2025-01-09,109.08999633789062,109.37999725341797,108.94000244140625,109.18000030517578,0
2025-01-10,109.2300033569336,109.97000122070312,109.08000183105469,109.6500015258789,0
2025-01-13,109.63999938964844,110.18000030517578,109.41000366210938,109.95999908447266,0
2025-01-14,109.56999969482422,109.76000213623047,109.18000030517578,109.2699966430664,0
2025-01-15,109.2300033569336,109.37999725341797,108.5999984741211,109.08999633789062,0
2025-01-16,109.06999969482422,109.37999725341797,108.83000183105469,108.95999908447266,0
2025-01-17,108.93000030517578,109.41999816894531,108.83000183105469,109.3499984741211,0
2025-01-21,107.9800033569336,108.79000091552734,107.91999816894531,108.05999755859375,0
2025-01-22,107.98999786376953,108.2699966430664,107.75,108.16999816894531,0
2025-01-23,108.25,108.51000213623047,107.91999816894531,108.05000305175781,0
2025-01-24,108.08999633789062,108.19000244140625,107.22000122070312,107.44000244140625,0
2025-01-27,107.47000122070312,107.80999755859375,106.97000122070312,107.33999633789062,0
2025-01-28,107.70999908447266,108.05000305175781,107.69000244140625,107.87000274658203,0
2025-01-29,107.88999938964844,108.30000305175781,107.75,108.0,0
2025-01-30,107.86000061035156,108.23999786376953,107.5,107.80000305175781,0
2025-01-31,108.16000366210938,108.56999969482422,107.79000091552734,108.37000274658203,0
2025-02-03,108.5,109.87999725341797,108.33999633789062,108.98999786376953,0
2025-02-04,108.68000030517578,109.04000091552734,107.91999816894531,107.95999908447266,0
2025-02-05,108.01000213623047,108.01000213623047,107.30000305175781,107.58000183105469,0
2025-02-06,107.62000274658203,108.0999984741211,107.54000091552734,107.69000244140625,0
2025-02-07,107.69999694824219,108.31999969482422,107.5199966430664,108.04000091552734,0
2025-02-10,108.0999984741211,108.44000244140625,108.08999633789062,108.31999969482422,0
2025-02-11,108.33999633789062,108.45999908447266,107.77999877929688,107.95999908447266,0
2025-02-12,108.01000213623047,108.5199966430664,107.62999725341797,107.94000244140625,0
2025-02-13,107.91999816894531,108.0,107.02999877929688,107.30999755859375,0
2025-02-14,107.12000274658203,107.18000030517578,106.56999969482422,106.56999969482422,0
2025-02-18,106.81999969482422,107.12000274658203,106.80999755859375,107.05000305175781,0
2025-02-19,107.02999877929688,107.37999725341797,106.87999725341797,107.16999816894531,0
2025-02-20,107.12000274658203,107.1500015258789,106.33999633789062,106.33999633789062,0
2025-02-21,106.45999908447266,106.75,106.37999725341797,106.61000061035156,0
2025-02-24,106.63999938964844,106.75,106.12999725341797,106.5999984741211,0
2025-02-25,106.7699966430664,106.79000091552734,106.19000244140625,106.30999755859375,0
2025-02-26,106.16999816894531,106.6500015258789,106.16000366210938,106.41999816894531,0
2025-02-27,106.52999877929688,107.30999755859375,106.5199966430664,107.23999786376953,0
2025-02-28,107.25,107.66000366210938,107.18000030517578,107.61000061035156,0
2025-03-03,107.55999755859375,107.55999755859375,106.47000122070312,106.75,0
2025-03-04,106.55999755859375,106.6500015258789,105.52999877929688,105.73999786376953,0
2025-03-05,105.62000274658203,105.7699966430664,104.26000213623047,105.73999786376953,0
2025-03-06,104.31999969482422,104.38999938964844,103.76000213623047,104.05999755859375,0
2025-03-07,104.11000061035156,104.23999786376953,103.45999908447266,103.83999633789062,0
2025-03-10,103.91000366210938,104.05999755859375,103.55999755859375,103.91000366210938,0
2025-03-11,103.83999633789062,103.91999816894531,103.22000122070312,103.44000244140625,0
2025-03-12,103.41999816894531,103.77999877929688,103.3499984741211,103.61000061035156,0
2025-03-13,103.61000061035156,104.08000183105469,103.51000213623047,103.83000183105469,0
2025-03-14,103.83999633789062,104.08999633789062,103.56999969482422,103.72000122070312,0
2025-03-17,103.73999786376953,103.80999755859375,103.30000305175781,103.37000274658203,0
2025-03-18,103.44000244140625,103.68000030517578,103.19999694824219,103.23999786376953,0
2025-03-19,103.2699966430664,103.91000366210938,103.25,103.43000030517578,0
2025-03-20,103.43000030517578,104.12999725341797,103.31999969482422,103.8499984741211,0
2025-03-21,103.77999877929688,104.22000122070312,103.76000213623047,104.08999633789062,0
2025-03-24,104.1500015258789,104.44000244140625,103.83999633789062,104.26000213623047,0
2025-03-25,104.33000183105469,104.47000122070312,103.94000244140625,104.18000030517578,0
2025-03-26,104.25,104.68000030517578,104.18000030517578,104.55000305175781,0
2025-03-27,104.6500015258789,104.6500015258789,104.06999969482422,104.06999969482422,0
2025-03-28,104.27999877929688,104.5,103.9000015258789,104.04000091552734,0
2025-03-31,104.01000213623047,104.38999938964844,103.75,104.20999908447266,0
2025-04-01,104.18000030517578,104.37000274658203,104.0199966430664,104.26000213623047,0
2025-04-02,104.19999694824219,104.30999755859375,103.37000274658203,103.80999755859375,0
2025-04-03,103.1500015258789,103.37999725341797,101.2699966430664,102.06999969482422,0
2025-04-04,101.98999786376953,103.18000030517578,101.54000091552734,103.0199966430664,0
2025-04-07,103.06999969482422,103.54000091552734,102.18000030517578,103.26000213623047,0
2025-04-08,103.43000030517578,103.44000244140625,102.75,102.95999908447266,0
2025-04-09,102.75,103.33000183105469,101.83999633789062,102.9000015258789,0
2025-04-10,102.98999786376953,103.02999877929688,100.69999694824219,100.87000274658203,0
2025-04-11,100.77999877929688,100.77999877929688,99.01000213623047,99.77999877929688,0
2025-04-14,100.0199966430664,100.16000366210938,99.20999908447266,99.63999938964844,0
2025-04-15,99.80999755859375,100.27999877929688,99.4800033569336,100.22000122070312,0
2025-04-16,100.05999755859375,100.0999984741211,99.16999816894531,99.37999725341797,0
2025-04-17,99.23400115966797,99.74600219726562,99.22200012207031,99.48899841308594,0
