date,open,high,low,close,volume,rsi_14,macd,macd_signal,sma_50,ema_50,volume_change_%,dxy_close,news_sentiment,reddit_sentiment,coin,return_next_day_%,target,predicted,confidence_buy,actual_profit_%
2024-03-25,7.81e-06,8.51e-06,7.43e-06,8.09e-06,57625037319431.0,45.374878286270686,8.509473316573099e-07,1.1259243478886102e-06,4.457e-06,5.363447582149141e-06,95.52838175853304,104.2300033569336,0.0,0.0,PEPEUSDT,-0.6180469715698543,0,1,0.4737648554121867,-0.6180469715698543
2025-02-25,7.89e-06,8.43e-06,7.31e-06,8.25e-06,40331085887872.0,40.2332361516035,-1.1300129362557274e-06,-1.23176858381827e-06,1.29196e-05,1.2268602359328346e-05,64.83080797040239,106.30999755859376,0.0,0.0,PEPEUSDT,0.9696969696969604,0,1,0.475995407408908,0.9696969696969604
2023-12-22,1.3e-06,1.59e-06,1.25e-06,1.58e-06,68319270332653.0,50.0,3.80194751048014e-08,4.876318929211119e-08,1.2612e-06,1.2569984351394093e-06,269.2797657221037,101.6999969482422,0.0,0.0,PEPEUSDT,-6.329113924050627,-1,1,0.45175113707538517,-6.329113924050627
2025-04-11,6.7e-06,7.05e-06,6.64e-06,6.94e-06,16599492989938.0,42.90484140233723,-2.694976722636091e-07,-2.5734925110755894e-07,7.3598e-06,7.970640547123835e-06,-17.107255400072386,99.77999877929688,0.0,0.0,PEPEUSDT,7.20461095100865,1,1,0.4637214679666178,7.20461095100865
2023-01-20,21.4,25.82,20.93,25.51,9652433.39,78.3388390750354,2.8571902929312785,2.1175960330518206,14.4212,16.721271498969582,57.89119180213396,102.01000213623048,0.0,0.0,SOLUSDT,-3.6848294786358338,-1,1,0.4552051851103248,-3.6848294786358338
2024-02-26,0.08613,0.09,0.08415,0.08923,1088385979.0,63.888888888888864,0.0014913827238966,0.0011390715910181,0.0818431999999999,0.0834209162583093,120.74249406122227,103.83000183105467,0.0,0.0,DOGEUSDT,9.357839291718028,1,1,0.4686676631131421,9.357839291718028
2023-10-10,6.7e-07,6.7e-07,6.3e-07,6.5e-07,5595459593043.0,44.117647058823536,-2.1379476703892004e-08,-1.9295885237747063e-08,7.589999999999998e-07,8.100717373171571e-07,-40.17251195518872,105.83000183105467,0.0,0.0,PEPEUSDT,-1.53846153846154,-1,1,0.4750279752818767,-1.53846153846154
2024-11-15,5.235,5.421,5.152,5.381,8478245.11,66.66666666666666,0.0565235316401357,-0.0076209019149592,5.19278,5.2111670779300265,-29.473819320284942,106.69000244140624,0.0,0.0,TONUSDT,4.96190299200891,1,1,0.5645588629749976,4.96190299200891
2025-04-09,76322.42,83588.0,74620.0,82615.22,75488.28772,42.12857879780332,-1699.156925535135,-1413.860871442765,85810.6924,86000.61451894714,113.74296343385998,102.9000015258789,0.0,0.0,BTCUSDT,-3.640878763017272,-1,1,0.48112614418802946,-3.640878763017272
2024-03-19,9.901,9.994,8.6,8.766,15363075.8,46.2977813418872,0.4203082695408238,0.6689493297256379,8.470360000000001,8.905724868129854,56.15742574955856,103.80999755859376,0.0,0.0,DOTUSDT,8.179329226557158,1,1,0.4711763568700519,8.179329226557158
2024-09-06,502.4,509.9,471.3,487.2,357704.727,12.5984251968504,-11.02085134880167,-4.740485298517443,543.836,540.5539624499277,101.82246436585704,101.18000030517578,0.0,0.0,BNBUSDT,1.2931034482758643,0,1,0.4642892616290082,1.2931034482758643
2023-11-21,20.86,22.29,18.9,19.02,11207307.49,65.80152671755725,2.669064868052313,2.4024572735155063,12.6938,14.19381713088633,92.32926589748044,103.56999969482422,0.0,0.0,AVAXUSDT,9.25341745531021,1,1,0.4971940748611841,9.25341745531021
2022-11-21,12.26,12.29,11.27,11.83,4921177.259,17.333822989349983,-4.786390149459415,-4.328502585651403,26.7126,24.522845207436905,2.7371486776769816,107.83999633789062,0.0,0.0,SOLUSDT,5.156382079458998,1,1,0.5815467909957963,5.156382079458998
2025-01-10,1.701e-05,1.791e-05,1.699e-05,1.764e-05,16319015095746.0,48.99497487437186,-4.764278294693313e-07,-2.680675775254707e-07,2.05124e-05,1.902663594367827e-05,-1.454032023494456,109.6500015258789,0.0,0.0,PEPEUSDT,2.154195011337867,1,1,0.6368322646534721,2.154195011337867
2023-10-18,6.4e-07,6.5e-07,6.2e-07,6.3e-07,7727040616746.0,32.000000000000014,-2.853023115340212e-08,-2.6923596011582564e-08,7.112e-07,7.645857404696096e-07,-23.91949555727786,106.56999969482422,0.0,0.0,PEPEUSDT,0.0,0,1,0.7323997768129996,0.0
2023-03-20,21.86,23.91,21.35,22.13,10056429.13,56.07779578606159,-0.1806141814931408,-0.5450408540316666,22.058000000000003,21.085150048229902,134.36151237107396,103.27999877929688,0.0,0.0,SOLUSDT,1.8075011296882155,0,1,0.459677830477225,1.8075011296882155
2025-01-31,3247.38,3437.31,3213.8,3300.99,648681.6561,41.79935398061941,-52.21621330628841,-54.92440663541,3410.7870000000003,3333.313976517012,84.99960467800408,108.37000274658205,0.0,0.0,ETHUSDT,-5.557423681986308,-1,1,0.4853848800733137,-5.557423681986308
2022-09-19,0.3578,0.3932,0.3401,0.3848,737172977.0,62.85289747399703,0.0049039798615637,0.0001185983785828,0.353998,0.3513644716843399,8.271111513230945,109.73999786376952,0.0,0.0,XRPUSDT,7.5883575883575904,1,1,0.5042419292175297,7.5883575883575904
2024-02-27,8.109,8.449,7.987,8.371,10449184.54,71.10281923714761,0.2507309622083218,0.1922618460125227,7.24296,7.350500732469523,37.993486114635154,103.83000183105467,0.0,0.0,DOTUSDT,-0.346434117787599,0,1,0.4743174376171905,-0.346434117787599
2023-06-21,16.65,17.4,16.54,17.23,4146918.99,40.949935815147626,-1.0817363083483222,-1.2501871105988835,19.3404,18.750665001577843,37.97392239928848,102.06999969482422,0.0,0.0,SOLUSDT,-3.540336622170629,-1,1,0.5656481037095132,-3.540336622170629
2023-01-17,0.3855,0.3987,0.379,0.3868,378212343.0,75.89928057553959,0.0070271413318981,0.0015772837878506,0.367488,0.370929606834698,-30.224415879578903,102.38999938964844,0.0,0.0,XRPUSDT,-2.2233712512926567,-1,1,0.5750454991446222,-2.2233712512926567
2023-01-18,17.13,17.41,15.5,15.82,4109688.2,72.42206235011989,1.2354171327739127,0.8157765123872309,12.9602,13.615752826912532,-5.726613473158371,102.36000061035156,0.0,0.0,AVAXUSDT,2.3388116308470357,1,1,0.460159986427682,2.3388116308470357
2024-09-27,9.52e-06,1.094e-05,9.36e-06,1.07e-05,37466459477277.0,76.27118644067794,4.300704463167819e-07,1.243250557708843e-07,7.879e-06,8.320584934591355e-06,-12.678503431309418,100.41999816894533,0.0,0.0,PEPEUSDT,6.35514018691589,1,1,0.5576776405946546,6.35514018691589
2023-12-07,26.2,27.9,25.71,26.28,7035602.62,84.14043583535113,2.213997467116535,1.992803843388908,16.7116,18.083105247439534,-34.53997019137658,103.54000091552734,0.0,0.0,AVAXUSDT,15.82952815829528,1,1,0.48358929375972876,15.82952815829528
2023-12-07,9.71e-06,9.88e-06,9.38e-06,9.78e-06,6279589108739.0,84.36213991769543,3.458000148511923e-07,1.997083577414249e-07,8.240200000000001e-06,8.346412187865987e-06,-69.19649322057462,103.54000091552734,0.0,0.0,SHIBUSDT,4.192229038854818,1,1,0.62098269860298,4.192229038854818
2022-10-25,0.3572,0.4173,0.3569,0.4,319472649.0,53.37243401759533,-0.0182500582539923,-0.0221497553838152,0.427,0.414855339051333,245.60522073297983,110.9499969482422,0.0,0.0,ADAUSDT,0.7500000000000007,0,1,0.5027345762491308,0.7500000000000007
2023-01-18,0.3455,0.3555,0.3237,0.3264,170018857.2,75.61188811188813,0.0184775597033305,0.0134086044142979,0.292622,0.3060257375095211,67.35563954822523,102.36000061035156,0.0,0.0,ADAUSDT,3.523284313725476,1,1,0.46099758927273815,3.523284313725476
2025-02-05,1.016e-05,1.046e-05,9.74e-06,1.001e-05,16978008551162.0,26.50822669104204,-1.97616054093406e-06,-1.6921271780695577e-06,1.67464e-05,1.581221911619948e-05,-49.93733580791236,107.58000183105467,0.0,0.0,PEPEUSDT,-7.892107892107901,-1,1,0.5251690023016387,-7.892107892107901
2025-01-03,39.28,42.19,38.89,41.94,2194111.86,54.65116279069767,-1.5180499984968137,-1.6417844482562578,42.6824,40.02790361658333,13.22171486733077,108.9499969482422,0.0,0.0,AVAXUSDT,1.6452074391988671,0,1,0.5057501298592646,1.6452074391988671
2024-09-17,0.3302,0.3431,0.3284,0.3338,58973434.3,57.86228160328879,-0.003086190803524,-0.0036259591922774,0.3474599999999999,0.3545272423907413,-10.929854598532865,100.88999938964844,0.0,0.0,ADAUSDT,3.0856800479329034,1,1,0.5046050165025245,3.0856800479329034
2024-09-05,133.64,135.58,127.85,129.41,2762037.052,40.64236346388399,-5.466245655634253,-4.040334281435237,153.436,146.6694748241787,-27.582741298307447,101.11000061035156,0.0,0.0,SOLUSDT,-3.3691368518661613,-1,1,0.4560849134732586,-3.3691368518661613
2025-02-06,1.001e-05,1.039e-05,9.11e-06,9.22e-06,22399169719870.0,23.615916955017298,-2.0682634719178715e-06,-1.7673544368392204e-06,1.65422e-05,1.5553700719485774e-05,31.930489093415893,107.69000244140624,0.0,0.0,PEPEUSDT,-3.145336225596536,-1,1,0.45429121725965815,-3.145336225596536
2024-02-07,34.16,35.5,33.65,35.28,2098188.17,62.4087591240876,-0.0641502424162894,-0.3572678126909667,37.0696,34.12508686151675,15.65757254311011,104.04000091552734,0.0,0.0,AVAXUSDT,0.3968253968253984,0,1,0.46411614761933273,0.3968253968253984
2023-10-27,4.234,4.236,4.01,4.135,5100506.33,65.75342465753423,0.0502713564908789,-0.0140995324276754,4.00728,4.078068470148964,-11.16918697567353,106.55999755859376,0.0,0.0,DOTUSDT,1.1124546553809012,0,1,0.4818803803120852,1.1124546553809012
2024-03-20,53.62,58.15,50.42,57.06,9552672.65,67.08553791887125,4.7180868190518765,4.026467375497486,42.36900000000001,44.36463096051827,-22.8180030009127,103.41000366210938,0.0,0.0,AVAXUSDT,-5.678233438485808,-1,1,0.5080950573616975,-5.678233438485808
2023-10-27,1.29e-06,1.29e-06,1.1e-06,1.16e-06,53300317249566.0,75.24752475247524,1.087112977885338e-07,4.1115167644339146e-08,7.328e-07,8.192606975546471e-07,-40.117515590785466,106.55999755859376,0.0,0.0,PEPEUSDT,-1.7241379310344664,-1,1,0.5230972106575523,-1.7241379310344664
2023-09-28,7.3e-07,7.6e-07,7e-07,7.4e-07,13863946809369.0,56.75675675675676,-4.0851868472255065e-08,-6.464091468312349e-08,8.740000000000001e-07,8.622930401307385e-07,-36.74292605290531,106.22000122070312,0.0,0.0,PEPEUSDT,8.108108108108102,1,1,0.4559094643619486,8.108108108108102
2024-03-12,0.182,0.1835,0.155,0.16816,2760068984.0,70.27461794783409,0.0227217800943606,0.020085976497733,0.1029794,0.1159295808436269,-8.652831131855777,102.95999908447266,0.0,0.0,DOGEUSDT,0.4816841103710781,0,1,0.49471813009367743,0.4816841103710781
2025-04-11,1.9657,2.0647,1.9475,2.0225,175131511.0,41.990291262135926,-0.1044046293664902,-0.0974806497746563,2.272606,2.2488114388948586,-22.05692089495061,99.77999877929688,0.0,0.0,XRPUSDT,6.788627935723126,1,1,0.480943472061367,6.788627935723126
2024-11-22,0.8219,1.044,0.8123,1.0175,1031366149.7,88.94479194995921,0.1287973137625373,0.0940826492088105,0.447936,0.5089784473206359,111.90939788489156,107.48999786376952,0.0,0.0,ADAUSDT,4.746928746928748,1,1,0.5607846532270259,4.746928746928748
2024-12-23,1.785e-05,1.886e-05,1.723e-05,1.848e-05,20145844548886.0,28.363047001620743,-5.176378374773563e-07,4.029731611701908e-07,1.93606e-05,1.897439067590669e-05,-9.297164948688842,108.04000091552734,0.0,0.0,PEPEUSDT,4.220779220779217,1,1,0.5305616079334773,4.220779220779217
2024-11-04,23.53,23.94,22.35,22.72,1698424.83,22.33223322332232,-0.8506964346385075,-0.4150317417789372,26.7368,26.053862498479617,-7.6935346673998595,103.88999938964844,0.0,0.0,AVAXUSDT,5.589788732394364,1,1,0.5022268705044369,5.589788732394364
2024-12-11,2.348e-05,2.548e-05,2.162e-05,2.512e-05,37832623045386.0,65.67599067599068,2.221386337817306e-06,2.069163369903812e-06,1.6572e-05,1.806519854008328e-05,-48.563788599652135,106.70999908447266,0.0,0.0,PEPEUSDT,-5.851910828025483,-1,1,0.5562056046486904,-5.851910828025483
2025-01-14,35.3,36.72,35.01,36.57,1368764.92,52.12450592885376,-1.404697629556189,-1.1888031107874744,42.978,39.415217172677984,-57.183655351173314,109.2699966430664,0.0,0.0,AVAXUSDT,8.887065901011757,1,1,0.5081165889815534,8.887065901011757
2024-08-23,2622.89,2799.13,2621.4,2762.48,401786.4447,61.288720933439976,-101.1594090567978,-136.2341651672211,2986.6436,2925.414231123337,101.83871603507212,100.72000122070312,0.0,0.0,ETHUSDT,0.1998204511887862,0,1,0.46061957786069885,0.1998204511887862
2024-09-13,58132.31,60625.0,57632.62,60498.0,29825.23333,54.0605748242647,-669.3456345778613,-1021.262513768312,60010.1132,59597.68105896039,-4.019941580019837,101.11000061035156,0.0,0.0,BTCUSDT,-0.8346887500413257,0,1,0.5033128610186697,-0.8346887500413257
2022-09-14,0.05965,0.0615,0.05914,0.06115,689192149.0,49.51219512195122,-0.0016393720058676,-0.001817106133147,0.0674334,0.0657902115833943,-33.005451453813386,109.66000366210938,0.0,0.0,DOGEUSDT,-4.1700735895339385,-1,1,0.5400390329332103,-4.1700735895339385
2024-11-13,33.96,35.05,31.2,33.12,8175967.91,68.22478991596637,1.7242972718365517,0.6923161108915001,27.4362,27.42329015546389,-9.90339002652444,106.4800033569336,0.0,0.0,AVAXUSDT,-5.766908212560376,-1,1,0.5108487181399559,-5.766908212560376
2023-06-15,14.49,15.08,14.18,14.77,4700648.85,22.39382239382239,-1.575344422912874,-1.0534976617624372,20.1292,19.46808954042177,18.13965810724174,102.12000274658205,0.0,0.0,SOLUSDT,3.6560595802302025,1,1,0.6300044031816104,3.6560595802302025
2024-01-02,109.93,116.95,106.02,106.73,7831366.05,69.33837862630432,10.384753096710568,10.882177083497927,75.17699999999999,78.5326261873857,77.8517840431039,102.1999969482422,0.0,0.0,SOLUSDT,-7.6923076923077,-1,1,0.5256395865932894,-7.6923076923077
2023-07-14,26.01,32.13,25.23,26.67,19571913.81,87.87584869059168,1.805124687015656,1.0698136025415563,18.8228,19.686094079448942,21.54853330784372,99.91000366210938,0.0,0.0,SOLUSDT,2.9621297337832737,1,1,0.6259338712067716,2.9621297337832737
2024-12-13,2.365e-05,2.499e-05,2.306e-05,2.475e-05,16955284110496.0,61.28353498158863,2.053754816520511e-06,2.069664827694878e-06,1.71438e-05,1.853777073999998e-05,-32.24837149336485,107.0,0.0,0.0,PEPEUSDT,-5.737373737373738,-1,1,0.5886851084130492,-5.737373737373738
2023-10-17,6.7e-07,6.8e-07,6.3e-07,6.4e-07,10156400346377.0,32.000000000000014,-2.771347827027714e-08,-2.6521937226127665e-08,7.166e-07,7.700790359989814e-07,-29.36347121649265,106.25,0.0,0.0,PEPEUSDT,-1.562500000000001,-1,1,0.6092368305617459,-1.562500000000001
2025-01-14,2.121e-05,2.2e-05,2.11e-05,2.163e-05,2245858609873.0,52.36096537250788,-7.442857073627518e-07,-7.663266324068816e-07,2.4954e-05,2.323876684487635e-05,-53.28736476596304,109.2699966430664,0.0,0.0,SHIBUSDT,5.131761442441044,1,1,0.4989275794573545,5.131761442441044
2025-02-18,25.04,25.12,22.93,23.52,2182686.86,35.18145161290322,-2.588458682567879,-2.789102257348212,33.2726,31.53820086305669,24.2293232131614,107.0500030517578,0.0,0.0,AVAXUSDT,0.9353741496598592,0,1,0.4709816512316496,0.9353741496598592
2025-01-10,0.32099,0.33983,0.32091,0.33388,1488638174.0,55.46185137414426,-0.0040287718903587,-0.0046301703415351,0.3778684,0.343224220052876,-19.997686323199527,109.6500015258789,0.0,0.0,DOGEUSDT,2.1924044566910244,1,1,0.5428864465271716,2.1924044566910244
2022-11-28,0.0987,0.09975,0.09056,0.09513,3340654160.0,60.580912863070544,0.0003931381540073,-0.0007087022482606,0.0842598,0.0845023433280521,-21.83201065373813,106.68000030517578,0.0,0.0,DOGEUSDT,6.654052349416576,1,1,0.4503683422521626,6.654052349416576
2023-03-29,20.45,21.56,20.43,21.1,3377523.28,58.908045977011504,-0.1260299909269306,-0.1454534963233805,21.526,21.062223539325625,1.841144643035464,102.63999938964844,0.0,0.0,SOLUSDT,-2.6066350710900505,-1,1,0.4954334506936764,-2.6066350710900505
2023-12-12,38.04,42.89,36.0,37.49,12429466.44,95.40788762830906,4.710192844320996,3.300128896394667,19.2404,21.17979133563093,-29.47872071147889,103.87000274658205,0.0,0.0,AVAXUSDT,4.001066951186983,1,1,0.45680800814550765,4.001066951186983
2024-11-15,31.21,33.3,30.59,33.13,2971420.25,69.44573823940382,1.78685490501476,1.0699344035915783,27.5942,27.78975765600492,-29.36262071515773,106.69000244140624,0.0,0.0,AVAXUSDT,6.067008753395707,1,1,0.6156147402481283,6.067008753395707
2023-01-23,0.3764,0.3836,0.3687,0.375,168920181.8,75.70671378091873,0.0232468523256039,0.0188376281743368,0.2972059999999999,0.316774234252816,-17.75318888149735,102.13999938964844,0.0,0.0,ADAUSDT,-4.346666666666662,-1,1,0.49797072260400854,-4.346666666666662
2023-07-17,27.41,28.49,25.55,26.8,8662837.64,85.3658536585366,2.3728560643371424,1.657105681062225,19.2446,20.53788484333393,29.124240821350742,99.83999633789062,0.0,0.0,SOLUSDT,-4.701492537313438,-1,1,0.6155894205948832,-4.701492537313438
2023-12-12,0.09412,0.09802,0.09122,0.09381,2003591978.0,67.50269687162893,0.0057591430237318,0.00536450885285,0.0791926,0.0811706624545439,-48.97194790929231,103.87000274658205,0.0,0.0,DOGEUSDT,2.782219379597059,1,1,0.46065949563468156,2.782219379597059
2024-08-05,0.3442,0.346,0.2756,0.3119,592112788.2,16.480938416422305,-0.0168388764642437,-0.0064670716617183,0.3958779999999999,0.4041699936120547,507.2738972270869,102.69000244140624,0.0,0.0,ADAUSDT,6.123757614620072,1,1,0.4814359481740216,6.123757614620072
2024-02-14,9.47e-06,9.84e-06,9.39e-06,9.75e-06,3542915331816.0,75.15527950310563,4.384823250539317e-08,-5.72066880690403e-08,9.516e-06,9.363990419104933e-06,4.704112842332653,104.72000122070312,0.0,0.0,SHIBUSDT,1.1282051282051349,0,1,0.4653797043978973,1.1282051282051349
2023-01-13,9.46e-06,1.028e-05,9.28e-06,1.02e-05,8242207917576.0,91.82879377431914,2.290250384319473e-07,1.0588595166256345e-08,8.7582e-06,8.904524118915367e-06,-21.55110805359868,102.1999969482422,0.0,0.0,SHIBUSDT,1.8627450980392144,0,1,0.588692243549816,1.8627450980392144
2024-12-13,53.14,54.03,50.72,52.78,3059871.58,60.73170731707317,3.8627815165838655,4.19957082799862,37.2282,40.28227773554004,-55.9477945232469,107.0,0.0,0.0,AVAXUSDT,-5.551345206517619,-1,1,0.6463710729238845,-5.551345206517619
2022-09-15,34.12,34.84,32.42,33.07,3696318.23,54.53416149068324,-0.5885508476539272,-1.0218863461672485,37.1658,35.90837010395324,16.585290243141458,109.73999786376952,0.0,0.0,SOLUSDT,-2.479588751133959,-1,1,0.5232596851276202,-2.479588751133959
2024-09-23,1.453e-05,1.487e-05,1.42e-05,1.448e-05,1932619658827.0,61.463414634146325,1.5001430355880388e-07,-2.7067296042478056e-08,1.37642e-05,1.4322378203833415e-05,8.431990866149519,100.91999816894533,0.0,0.0,SHIBUSDT,2.4171270718232045,1,1,0.5021022291668117,2.4171270718232045
2024-08-21,59013.8,61820.93,58783.47,61156.03,27983.6422,64.19544594982594,-804.0560969601574,-1063.8214461879284,61348.2398,61448.42494016639,-11.099386327965776,101.04000091552734,0.0,0.0,BTCUSDT,-1.2757368324922371,0,1,0.4642507558263399,-1.2757368324922371
2024-11-25,6.151,6.297,5.916,6.079,11662617.78,60.43010752688173,0.2283421053018335,0.1404957411599142,5.22222,5.376120260329618,-26.27025891069528,106.81999969482422,0.0,0.0,TONUSDT,0.937654219443994,0,1,0.5313198148494158,0.937654219443994
2023-12-13,1.39e-06,1.44e-06,1.3e-06,1.42e-06,23034685802544.0,66.07142857142858,9.584392384344828e-08,9.121533587838873e-08,1.2264e-06,1.2103787061914152e-06,-22.00483339437701,102.87000274658205,0.0,0.0,PEPEUSDT,4.92957746478873,1,1,0.4582643162461784,4.92957746478873
2025-04-03,17.98,18.99,17.58,18.15,2568740.81,47.39629302736099,-0.6270846841352729,-0.5383238592820755,21.1706,22.04083503381522,-38.1667042353676,102.06999969482422,0.0,0.0,AVAXUSDT,0.2203856749311444,0,1,0.46030584794110535,0.2203856749311444
2023-12-13,37.49,41.47,34.02,38.99,11810098.4,95.6566172713337,5.06180726222733,3.6524645695612,19.8138,21.87823089109639,-4.9830621691593695,102.87000274658205,0.0,0.0,AVAXUSDT,0.7950756604257379,0,1,0.4744937405863178,0.7950756604257379
2024-02-27,109.9,112.3,105.29,108.36,6198163.52,44.95345418912297,1.4987507253189565,2.1813911798366763,100.5118,100.61849299818296,14.948146799435724,103.83000183105467,0.0,0.0,SOLUSDT,9.846806939830197,1,1,0.6182838968696317,9.846806939830197
2024-08-23,25.22,27.01,25.22,26.49,3388980.56,74.01415571284126,-0.2544007217954096,-1.0647907864454986,24.8794,24.72833236266561,38.227842492218336,100.72000122070312,0.0,0.0,AVAXUSDT,2.340505851264632,1,1,0.4842900787286845,2.340505851264632
2024-03-19,0.14352,0.14517,0.1252,0.12881,4709278496.0,41.44843650737629,0.0099738274904071,0.0162781962696301,0.1134497999999999,0.1249830661860015,122.55349801169544,103.80999755859376,0.0,0.0,DOGEUSDT,18.07313096809253,1,1,0.4881632217760817,18.07313096809253
2025-02-13,2.4734,2.6061,2.4154,2.5599,212478703.0,28.99430178346776,-0.098380618166856,-0.068440110709718,2.644302,2.5635935595862374,-6.790267381084791,107.30999755859376,0.0,0.0,XRPUSDT,6.972928630024615,1,1,0.48737631430572426,6.972928630024615
2024-12-11,2.3708,2.4703,2.2303,2.3941,696138801.0,67.25264061508602,0.371186848266211,0.3876976078902568,1.222578,1.4811806620092192,-49.43365295953062,106.70999908447266,0.0,0.0,XRPUSDT,-2.3265527755732784,-1,1,0.5053543413584903,-2.3265527755732784
2022-10-25,28.31,32.31,28.05,30.86,4389638.87,50.25553662691652,-0.9938025300076774,-1.0208523415763082,32.086,31.9847307725106,73.78758184544276,110.9499969482422,0.0,0.0,SOLUSDT,1.393389500972131,0,1,0.4623536670460832,1.393389500972131
2024-09-24,8.14e-06,8.76e-06,7.92e-06,8.59e-06,31769880267679.0,64.82939632545931,1.147043090677078e-07,-4.1061650433371307e-08,7.783e-06,8.159139917538424e-06,69.4967662985827,100.37000274658205,0.0,0.0,PEPEUSDT,-1.6298020954598411,-1,1,0.602095427360845,-1.6298020954598411
2025-04-10,2.0529,2.0572,1.9223,1.9658,224691548.0,34.75540386803186,-0.1113668394288041,-0.0957496548766979,2.28591,2.258048640482404,-56.599367349884766,100.87000274658205,0.0,0.0,XRPUSDT,2.884321904568113,1,1,0.624919845487312,2.884321904568113
2023-10-23,29.06,32.81,28.74,31.88,12178546.11,87.10166919575116,2.079732900251603,1.2323566967601909,21.536800000000003,22.84281311707571,118.7443159989206,105.54000091552734,0.0,0.0,SOLUSDT,-5.363864491844408,-1,1,0.4721765295573633,-5.363864491844408
2025-04-10,0.372,0.377,0.352,0.366,73669341.93,25.632911392405063,-0.051343875638753,-0.0498933753354064,0.50436,0.5597897558931104,-38.21404248692096,100.87000274658205,0.0,0.0,WIFUSDT,8.196721311475418,1,1,0.5280994397925535,8.196721311475418
2025-02-10,0.2489,0.25647,0.24158,0.25542,766688250.0,25.98006238150572,-0.0277981130520632,-0.0227471343134047,0.329955,0.3190468490889979,-5.876386244966215,108.31999969482422,0.0,0.0,DOGEUSDT,-0.9278834860230144,0,1,0.5554955461418521,-0.9278834860230144
2023-01-20,0.3929,0.4141,0.3859,0.4129,366316527.0,81.87732342007438,0.0101909271156079,0.0049939458277585,0.36711,0.3736627233454358,-11.96698552822244,102.01000213623048,0.0,0.0,XRPUSDT,-2.3007992249939475,-1,1,0.5027197611469713,-2.3007992249939475
2025-01-17,1.813e-05,2.054e-05,1.813e-05,2.03e-05,21668399109828.0,44.7174447174447,-3.414121951014416e-07,-4.701922689889839e-07,2.0300600000000003e-05,1.8845051283992488e-05,42.56752236265682,109.3499984741211,0.0,0.0,PEPEUSDT,-9.113300492610826,-1,1,0.5578876440912227,-9.113300492610826
2023-10-13,21.29,22.23,21.11,21.84,2403623.09,59.02777777777777,0.5125064920647091,0.656242341754775,20.4442,21.240567728092422,-17.715955935421167,106.6500015258789,0.0,0.0,SOLUSDT,0.7326007326007333,0,1,0.5922420944555449,0.7326007326007333
2022-09-19,31.1,33.08,30.5,32.62,3503472.34,51.05263157894737,-0.7577934019331636,-0.8400665379248624,36.3386,35.39033752044318,52.3866082122072,109.73999786376952,0.0,0.0,SOLUSDT,-3.709380748007349,-1,1,0.4820348934273547,-3.709380748007349
2023-08-10,9.63e-06,1.018e-05,9.57e-06,9.92e-06,6653731550887.0,70.38461538461539,4.865647366077467e-07,3.476803745408333e-07,8.0252e-06,8.332135976615995e-06,-19.85660144645578,102.5199966430664,0.0,0.0,SHIBUSDT,6.048387096774187,1,1,0.49722060932424833,6.048387096774187
2023-01-17,23.58,23.95,22.7,22.86,6056942.68,82.65657260839643,2.6708452614667024,1.56069205926934,13.887399999999998,15.967833008438774,-39.69211811079778,102.38999938964844,0.0,0.0,SOLUSDT,-9.055118110236222,-1,1,0.4584851291404876,-9.055118110236222
2023-01-12,5.134,5.263,5.015,5.232,5972215.45,95.37856440511312,0.0479651342336149,-0.0635749707275162,4.9275400000000005,4.976156655348948,32.93377350335187,102.25,0.0,0.0,DOTUSDT,3.2301223241590136,1,1,0.46805526185755886,3.2301223241590136
2024-09-20,2465.21,2571.93,2437.31,2561.4,340754.5912,73.3733817251401,-40.0677758343968,-72.2459270752097,2527.3398,2586.185457268324,4.287292829312772,100.72000122070312,0.0,0.0,ETHUSDT,1.9910986179433123,0,1,0.47044082409193,1.9910986179433123
2024-08-22,23.53,25.35,23.05,25.22,2451735.12,62.95525494276794,-0.6387503176293237,-1.267388302608021,24.8384,24.65642756114176,16.0137608699769,101.51000213623048,0.0,0.0,AVAXUSDT,5.035685963521014,1,1,0.6675669215889217,5.035685963521014
2023-12-06,1.61e-06,1.7e-06,1.46e-06,1.48e-06,69549232032551.0,69.79166666666666,7.79187044483085e-08,3.510904728094595e-08,1.1224e-06,1.1192523955314935e-06,-38.47220480849136,104.1500015258789,0.0,0.0,PEPEUSDT,3.3783783783783745,1,1,0.469420865807717,3.3783783783783745
2023-01-19,20.78,21.88,20.41,21.4,6113345.07,73.23615160349854,2.581264613915057,1.9326974680819564,14.1812,16.362547886682623,-46.09856099727999,102.05999755859376,0.0,0.0,SOLUSDT,19.20560747663553,1,1,0.48383144562921565,19.20560747663553
2024-03-04,130.16,134.95,127.35,133.27,8053684.79,72.11147274206672,7.081212121012442,4.676744788357488,104.2028,106.50702507132507,54.03813167912881,103.83000183105467,0.0,0.0,SOLUSDT,-5.972837097621376,-1,1,0.4813363131162513,-5.972837097621376
2024-09-20,0.351,0.3613,0.3488,0.3522,63999487.4,68.92712550607287,-0.0008859091330675,-0.0026486563408838,0.344762,0.3539256103612361,-27.919190927253744,100.72000122070312,0.0,0.0,ADAUSDT,1.7603634298693875,0,1,0.504259159589838,1.7603634298693875
2024-09-20,7.95e-06,8.51e-06,7.71e-06,8.25e-06,32445336302545.0,73.121387283237,-5.4814826873955984e-08,-1.931140376830964e-07,7.7816e-06,8.136288213464933e-06,-8.914344037352528,100.72000122070312,0.0,0.0,PEPEUSDT,2.060606060606061,1,1,0.5554767691190143,2.060606060606061
2022-11-04,0.12262,0.12915,0.11552,0.12613,4491405373.0,78.86776145203113,0.0181972805845447,0.0126867609199181,0.070793,0.0787626502952408,17.740382513377217,110.87999725341795,0.0,0.0,DOGEUSDT,-1.3319590898279452,0,1,0.47134331394327955,-1.3319590898279452
2024-03-01,61130.99,63114.23,60777.0,62387.9,47737.93473,79.18471081124582,3745.537951515216,2814.13415004753,46894.8438,48975.81221417726,-39.12924647756952,103.86000061035156,0.0,0.0,BTCUSDT,-0.6421437490282612,0,1,0.5358558050466948,-0.6421437490282612
2024-02-26,9.67e-06,1.024e-05,9.46e-06,1.006e-05,6554561473569.0,61.42131979695434,1.1824091300547657e-07,9.598482506485258e-08,9.4122e-06,9.502348809134652e-06,182.77458701825643,103.83000183105467,0.0,0.0,SHIBUSDT,8.25049701789265,1,1,0.562381412756165,8.25049701789265
2023-11-16,0.07623,0.084,0.07593,0.07947,4624288827.0,67.42994877975293,0.0031904637494118,0.003043268661517,0.0661168,0.0686877066846482,272.21411040483486,104.37000274658205,0.0,0.0,DOGEUSDT,8.73285516547125,1,1,0.5307837379163572,8.73285516547125
2022-09-14,33.0,34.35,32.67,34.12,3170484.22,58.64116094986807,-0.5586313293778744,-1.1302202207955785,37.309,36.02422194493092,-50.47445876475884,109.66000366210938,0.0,0.0,SOLUSDT,-3.077373974208667,-1,1,0.49822773266206694,-3.077373974208667
2022-11-21,0.3608,0.369,0.3457,0.3645,591706474.0,35.40878673261565,-0.0232670168398914,-0.0220802016222428,0.447498,0.4202256631675291,91.87959334112392,107.83999633789062,0.0,0.0,XRPUSDT,3.072702331961588,1,1,0.5208871747436412,3.072702331961588
2024-12-04,50.9,55.79,50.83,52.76,6737952.02,83.06312521559157,5.133142885913287,4.238094426818798,33.1702,35.960840954278346,-20.81584548876051,106.33999633789062,0.0,0.0,AVAXUSDT,-4.662623199393481,-1,1,0.461759637315634,-4.662623199393481
2023-12-04,62.99,65.25,59.75,61.64,7696216.19,58.86673662119622,4.089832533915072,4.441081345684744,46.216800000000006,48.31751583778652,64.61795029821889,103.63999938964844,0.0,0.0,SOLUSDT,-0.9896171317326402,0,1,0.596851228735967,-0.9896171317326402
2025-04-15,0.431,0.437,0.387,0.389,57089426.47,45.75835475578406,-0.0256068997536298,-0.0370319599380155,0.4828,0.5354183654968361,-41.33775252378607,100.22000122070312,0.0,0.0,WIFUSDT,-2.827763496143961,-1,1,0.49351148555247515,-2.827763496143961
2025-02-12,197.95,198.56,188.48,196.78,3898533.321,34.16431166733953,-7.19354645591639,-4.620022579995096,212.0184,212.7572744720028,-0.8066944367637219,107.94000244140624,0.0,0.0,SOLUSDT,-1.2856997662364067,0,1,0.49241260904168693,-1.2856997662364067
2025-01-13,188.5,191.99,168.88,182.87,5669925.613,44.84929185328654,-5.181424108514278,-3.792684516386252,211.4498,202.4041605830402,326.016426109053,109.95999908447266,0.0,0.0,SOLUSDT,2.5701317876086773,1,1,0.4824351951349283,2.5701317876086773
2025-02-19,169.32,174.3,163.75,168.93,3478319.262,27.08579133659194,-11.311233911629728,-8.236890540017512,211.1368,205.66418109588872,-44.95621476203871,107.16999816894533,0.0,0.0,SOLUSDT,4.185165453146269,1,1,0.49713864103664546,4.185165453146269
2023-04-05,20.91,21.34,20.58,20.97,2603072.26,47.05111402359107,-0.0838279025606638,-0.1111588182800615,21.4646,21.000159350027133,3.5074808760326093,101.8499984741211,0.0,0.0,SOLUSDT,-1.6690510252741912,-1,1,0.5463935136702119,-1.6690510252741912
2023-11-17,57.81,60.57,54.1,58.51,11968303.78,70.28522775649212,7.690517063635013,6.834231416834799,33.9456,38.036983893274645,-13.700450346460824,103.81999969482422,0.0,0.0,SOLUSDT,0.0854554776961276,0,1,0.47998851056768815,0.0854554776961276
2023-12-06,24.54,27.68,24.45,26.2,10747936.78,82.57211538461542,2.0681120571874416,1.9375054374570009,16.364199999999997,17.748538114681963,74.08726806685193,104.1500015258789,0.0,0.0,AVAXUSDT,0.3053435114503887,0,1,0.5928600354382332,0.3053435114503887
2025-01-15,1.747e-05,1.922e-05,1.686e-05,1.907e-05,16682626026136.0,48.62710363153232,-5.630519019497904e-07,-4.930504463370194e-07,2.0324e-05,1.8812835647507065e-05,55.50385421231854,109.08999633789062,0.0,0.0,PEPEUSDT,-4.981646565285787,-1,1,0.4695719635527815,-4.981646565285787
2024-12-31,2.114e-05,2.191e-05,2.051e-05,2.118e-05,2758357733556.0,28.830313014827027,-1.4222105811893888e-06,-1.1736554334543865e-06,2.56964e-05,2.3954765336395863e-05,8.309858727987042,108.48999786376952,0.0,0.0,SHIBUSDT,2.455146364494799,1,1,0.481209964355883,2.455146364494799
2023-11-20,61.1,61.33,56.0,56.57,7127562.28,64.74319623490894,7.089641070614107,7.088223417647154,36.1598,40.3756713334982,1.6821408841536156,103.47000122070312,0.0,0.0,SOLUSDT,-8.697189322962704,-1,1,0.5157234220053595,-8.697189322962704
2024-09-20,26.67,28.8,26.48,27.67,3375743.3,76.5089722675367,0.7243086309721107,0.3038286776568589,22.9114,24.2183191136534,15.317411108033884,100.72000122070312,0.0,0.0,AVAXUSDT,0.4336826888326615,0,1,0.48410560526422,0.4336826888326615
2024-10-18,2.546,2.73,2.536,2.66,52512800.07,61.00178890876565,0.1846319304078094,0.1965940400638415,2.00644,2.187860593778524,-13.156666666692027,103.48999786376952,0.0,0.0,WIFUSDT,-0.6390977443609153,0,1,0.459209061453846,-0.6390977443609153
