timestamp,open,high,low,close,volume,rsi_14,macd,macd_signal,sma_50,ema_50,volume_change_%
2024-03-05,1.1892,1.848,1.0,1.547,134478787.15,,0.0,0.0,,1.547,
2024-03-06,1.5469,2.29,1.42,1.845,194568701.21,,0.023772079772079735,0.004754415954415947,,1.5586862745098038,44.68356335856498
2024-03-07,1.846,1.9,1.646,1.7082,73517618.31,,0.031213201191548468,0.010046173001842452,,1.5645495578623605,-62.21508503022195
2024-03-08,1.7066,2.3796,1.6974,2.1575,122281289.77,,0.07252902907071612,0.022542744215617187,,1.5878025163775622,66.32923179635577
2024-03-09,2.1574,2.2455,2.022,2.168,52350888.83,,0.10491004488407274,0.0390162043493083,,1.6105553588725599,-57.18814470433926
2024-03-10,2.1685,2.4956,2.03,2.1353,62401650.9,,0.1264756835425822,0.05650810018796309,,1.6311335800932438,19.19883748800908
2024-03-11,2.1359,2.28,2.0,2.1086,45049741.91,,0.13980060632582947,0.07316660141553637,,1.6498577534229206,-27.806810781026957
2024-03-12,2.1083,2.1839,1.789,2.1639,60227501.15,,0.15305858735172584,0.08914499860277426,,1.6700162728965315,33.691112526953006
2024-03-13,2.1643,2.77,2.1299,2.645,88904621.65,,0.2000799845959269,0.11133199580140479,,1.7082509288613734,47.61466099776914
2024-03-14,2.645,3.4581,2.6445,3.1568,163911885.36,,0.27546734728473465,0.14415906609807078,,1.7650567747883783,84.36823903856072
2024-03-15,3.1569,3.5672,2.7,2.8142,159560524.52,,0.30406237677272085,0.1761397282330008,,1.8061996463653047,-2.654695131132867
2024-03-16,2.8143,2.939,2.0493,2.2289,130519025.83,,0.2763101933029355,0.19617382124698776,,1.8227761308215673,-18.20092957037116
2024-03-17,2.228,3.1533,2.1687,3.0393,124506261.92,,0.3160654889513612,0.2201521547878625,,1.8704829492207216,-4.606810288203944
2024-03-18,3.04,3.2983,2.5,2.5519,133205824.9,61.88415052390075,0.3047300027619353,0.23706772438267706,,1.8972051865061834,6.987249352638836
2024-03-19,2.5513,2.745,2.1102,2.3178,139296638.86,58.637382339757956,0.27370157337977075,0.2443944941820958,,1.9136991007608428,4.572483196265997
2024-03-20,2.3177,2.745,1.95,2.6042,146481537.2,58.529570375696565,0.26911916775693756,0.24933942889706415,,1.9407775673976726,5.157983996456039
2024-03-21,2.6042,2.6264,2.2263,2.2855,80920400.27,56.231245817412514,0.23703871699538004,0.24687928651672736,,1.9542960941663914,-44.75726988069866
2024-03-22,2.2857,2.4941,2.11,2.2315,77564520.29,50.87325938163795,0.20489547247284445,0.2384825237079508,,1.965166835571631,-4.147137148114344
2024-03-23,2.2314,2.4747,2.1374,2.2779,69562694.96,51.286011842074466,0.1810784521492299,0.22700170939620665,,1.9774308812354886,-10.316347345516485
2024-03-24,2.2782,2.8537,2.22,2.8202,68067123.54,57.16048092002091,0.20361522024726186,0.2223244115664177,,2.0104806505988027,-2.1499618737600312
2024-03-25,2.8203,2.9979,2.6268,2.684,102079001.77,55.88103025347506,0.20808687365458267,0.2194769039840507,,2.036893174104732,49.96814388669257
2024-03-26,2.6839,3.3862,2.6637,3.2483,103848501.24,60.03888168857618,0.2542343300431722,0.22642838919587502,,2.0843993241398406,1.73346078950396
2024-03-27,3.2499,3.4644,2.9859,3.0512,91485098.55,53.96912253273402,0.27176941034713087,0.2354965934261262,,2.1223130761343567,-11.90522977450339
2024-03-28,3.0515,3.987,2.9199,3.7521,114030695.89,55.609581425152186,0.3383228845414332,0.2560618516491876,,2.18622628883497,24.64401055181462
2024-03-29,3.7521,4.2485,3.5028,3.9197,104287757.1,60.77254389896904,0.39998018900088406,0.28484551911952694,,2.2542056500571284,-8.544136922042956
2024-03-30,3.9197,4.69,3.9173,4.2673,92998681.44,70.82805411370418,0.4714577900559993,0.32216797330682145,,2.333150526525476,-10.824928998305205
2024-03-31,4.2673,4.86,4.1842,4.5773,69590963.41,67.50512178465742,0.5468153659247541,0.367097451830408,,2.4211563882303593,-25.169946140690147
2024-04-01,4.5773,4.6499,3.9616,4.221,73346503.79,69.58164199066145,0.571201895554978,0.407918340575322,,2.491738490652698,5.396592022837776
2024-04-02,4.2206,4.2466,3.6599,3.8471,88551956.12,67.37169729877093,0.5539719470253246,0.4371290618653225,,2.544889922391808,20.73098449727755
2024-04-03,3.8463,4.1705,3.6,3.6262,72057667.32,61.78451178451179,0.5165379765587832,0.4530108448040147,,2.5872942391607565,-18.626679209263308
2024-04-04,3.6262,4.0395,3.4633,3.545,68437672.73,65.36462780881743,0.47484540167407063,0.4573777561780259,,2.624851327821119,-5.023746569430287
2024-04-05,3.544,3.6051,3.1858,3.2189,62233539.49,61.29541502699735,0.41075526007865104,0.44805325695815096,,2.6481473541810754,-9.06537728785215
2024-04-06,3.2188,3.5881,3.1889,3.5678,43802084.97,63.80074037617957,0.38369369318675695,0.4351813442038722,,2.6842121638210332,-29.61659367447944
2024-04-07,3.5672,3.9028,3.4477,3.759,65002944.69,60.860210078200915,0.37337145481633494,0.4228193663263648,,2.726360706416287,48.40148530491286
2024-04-08,3.7598,4.3432,3.6277,4.2025,61535899.03,66.40025920725779,0.3964082030467302,0.41753713367043793,,2.7842485218509427,-5.33367476894222
2024-04-09,4.2029,4.2155,3.5203,3.5857,62706525.59,53.60316104228963,0.3607360462124616,0.40617691617884266,,2.815677991582278,1.9023473751952569
2024-04-10,3.5858,3.7039,3.2833,3.6212,72703072.61,56.30475179187682,0.33150873192678176,0.3912432793284305,,2.8472670899516004,15.94179700747791
2024-04-11,3.6215,3.8579,3.4293,3.4556,47401423.13,46.279892599934755,0.29162170527074416,0.3713189645168933,,2.871123282502518,-34.801348239743945
2024-04-12,3.4561,3.562,2.4048,2.6583,105903879.79,36.33310219294444,0.19344558233201692,0.335744288079918,,2.862777271423988,123.4191988277547
2024-04-13,2.6583,2.8874,1.9489,2.3273,154608591.07,28.904788830411903,0.0879179010286606,0.28617901066966656,,2.841778162740695,45.98954389261094
2024-04-14,2.3273,3.1198,2.2395,3.0617,167197341.57,34.91219687014693,0.06282222022371009,0.24150765258047527,,2.8504025485155697,8.142335696145352
2024-04-15,3.0609,3.16,2.4549,2.7486,118970487.01,35.21508615495843,0.017467801128963067,0.19669968229017284,,2.8464102917110377,-28.844271151170787
2024-04-16,2.7488,2.8001,2.41,2.679,106659723.31,37.5072190969177,-0.02381748791824867,0.15259624824848855,,2.8398451822321737,-10.347745906903139
2024-04-17,2.6781,2.7924,2.3232,2.4214,82350653.29,37.21507704062142,-0.07644137548608398,0.10678872350157405,,2.8234355672426767,-22.791236715800544
2024-04-18,2.422,2.7103,2.2458,2.5667,79697012.07,39.757951380891555,-0.10520890705078623,0.064389197391102,,2.8133675057821796,-3.2223681464373377
2024-04-19,2.5668,3.0788,2.2517,2.9205,117635804.62,46.89399616953952,-0.09832524765503159,0.03184630838187528,,2.8175687800652316,47.60378283275835
2024-04-20,2.9203,3.0928,2.7152,3.0246,68187890.26,44.04229183118364,-0.08350727806969571,0.008775591091561081,,2.8256876514352225,-42.03474828070589
2024-04-21,3.0245,3.2125,2.8951,2.9283,53972049.64,40.69535607876521,-0.07862815912882315,-0.008705158952515765,,2.8297116651044294,-20.84804290878497
2024-04-22,2.9274,3.0793,2.7739,2.9077,61059264.88,33.97921306607276,-0.07555274503977749,-0.02207467616996811,,2.832770031178766,13.131269401982259
2024-04-23,2.9082,3.1178,2.7403,3.0147,60374490.2,41.91492976891708,-0.06374662009776433,-0.030409064955527355,2.924308,2.8399045397599907,-1.1214918511478822
2024-04-24,3.0146,3.5614,2.9733,3.101,129907730.16,42.73869346733668,-0.046886019415585345,-0.03370445584753895,2.9553879999999997,2.8501435774164614,115.16989995221523
2024-04-25,3.1012,3.35,2.8458,3.1481,112034884.23,45.560848852317015,-0.029384568517404563,-0.03284047838151208,2.9814499999999997,2.861828143007973,-13.75810808793828
2024-04-26,3.1479,3.1836,2.8175,2.8469,62022177.39,53.177866145447204,-0.039365089112648466,-0.03414540052773936,3.004224,2.8612427256351114,-44.6402985853293
2024-04-27,2.8468,2.861,2.6,2.7666,57378961.75,58.08517686899547,-0.05314167830706884,-0.037944656083605255,3.016406,2.85753124619844,-7.486379607092997
2024-04-28,2.7672,2.8394,2.6267,2.6515,32820680.53,40.22122628015638,-0.07251146552996701,-0.044858017972877605,3.0260759999999998,2.8494515894847763,-42.800149167913446
2024-04-29,2.6514,2.814,2.5503,2.7703,49843012.48,50.570122431821765,-0.07738396018574223,-0.05136320641545053,3.038776,2.8463476055834125,51.864652637048756
2024-04-30,2.771,2.8053,2.3417,2.5033,61138885.48,45.81766246131873,-0.1016187185606574,-0.06141430884449191,3.0466699999999998,2.8328947583056316,22.662901855164908
2024-05-01,2.5032,2.7191,2.2641,2.612,85954475.06,54.88317278130764,-0.11077679171979993,-0.07128680541955351,3.0556320000000006,2.8242322187642346,40.58888117631418
2024-05-02,2.6128,2.8453,2.501,2.7321,69810174.93,54.29298172757474,-0.1071088799018085,-0.07845122031600452,3.057374,2.820619190577402,-18.78238465039844
2024-05-03,2.7314,3.163,2.7171,3.1092,63893190.34,54.839206031697174,-0.07293249451846107,-0.07734747515649584,3.056422,2.831936085064563,-8.475819743945745
2024-05-04,3.1093,3.4868,3.0814,3.3924,69112601.69,58.63866967305523,-0.022733531673748253,-0.06642468645994633,3.0679860000000003,2.853915062120855,8.168963425093523
2024-05-05,3.3925,3.5,3.1729,3.2202,48767049.05,56.61994829228467,0.003118459519959149,-0.052516057263965236,3.0878119999999996,2.868279177331802,-29.438267613276416
2024-05-06,3.2202,3.6799,3.2099,3.3618,77861820.77,59.76265210474266,0.034633057070356355,-0.03508623439710092,3.094262,2.887632935083496,59.6607182242453
2024-05-07,3.3618,3.58,2.9952,2.9994,73154080.22,49.70361473790245,0.030019900654624454,-0.022065007386755847,3.1032120000000005,2.8920159572370845,-6.046275958414116
2024-05-08,3.0,3.0168,2.7358,2.7772,68066803.42,44.041221935958774,0.008338141062188775,-0.015984377696966923,3.1124,2.8875133706787675,-6.954194194911301
2024-05-09,2.7774,3.1858,2.7747,3.1228,60574569.15,49.580500746144914,0.018825216697035962,-0.009022458818166346,3.122772,2.896740297318816,-11.007178086166103
2024-05-10,3.1231,3.2558,2.9005,2.976,69888877.7,52.25612526650589,0.015116512801864879,-0.004194664494160102,3.1365819999999998,2.8998485209533724,15.376598927076323
2024-05-11,2.9756,3.152,2.9756,3.0078,38524896.49,54.28784754319847,0.014575317296510182,-0.000440668136026045,3.152108,2.904081912288534,-44.87692783482772
2024-05-12,3.0075,3.066,2.9301,2.972,21755865.63,55.86287637654118,0.011129362786086894,0.0018733380483965428,3.16599,2.9067453667085914,-43.527776549257645
2024-05-13,2.9726,3.3647,2.7533,3.0093,98735464.73,54.50637302964024,0.011278209106568848,0.0037543122600310038,3.169772,2.910767117033745,353.8337679096982
2024-05-14,3.0084,3.16,2.7637,2.7849,96859527.93,55.396290050590224,-0.006634554706233864,0.0016765388667780304,3.1717899999999997,2.9058311516598727,-1.8999624958771388
2024-05-15,2.785,3.0947,2.7523,3.0494,99084982.64,57.90958408679928,0.0005065511920685495,0.0014425413318361342,3.167812,2.9114613025751717,2.29761052687385
2024-05-16,3.0499,3.15,2.7448,2.8424,71432346.55,51.93379852028472,-0.01041715844535318,-0.0009293986236017287,3.1636360000000003,2.908753016199675,-27.907999126839233
2024-05-17,2.8425,2.96,2.7767,2.7937,54548168.47,43.74876164057856,-0.022741806640536932,-0.0052918802269887695,3.144468,2.9042411332114524,-23.63660007750368
2024-05-18,2.7938,2.8362,2.5067,2.5561,86825474.27,33.124823439202544,-0.051092550307526796,-0.014452014243096376,3.1171960000000003,2.8905885397521796,59.172116507911056
2024-05-19,2.5563,2.6284,2.4204,2.5311,55718022.12,35.216887630325644,-0.0747167221228886,-0.02650495581905482,3.082472,2.8764909499579763,-35.827563755385405
2024-05-20,2.5306,2.8724,2.4948,2.8236,90339552.52,39.15618955512572,-0.06904088269477793,-0.035012141194199445,3.047398,2.874416795057664,62.137041270839724
2024-05-21,2.8232,2.9,2.6508,2.7514,83591636.38,44.341516838550696,-0.06956675342551977,-0.04192306364046351,3.0180059999999997,2.869592607016187,-7.46950361360944
2024-05-22,2.7514,3.28,2.7256,3.0341,144312356.43,55.704072116879075,-0.04663440994190715,-0.04286533290075224,3.001746,2.876043877329278,72.63970736733651
2024-05-23,3.0341,3.0588,2.7,2.9238,95048212.31,45.06595259347417,-0.036934888295864,-0.0416792439797746,2.987698,2.8779166664536198,-34.13716284502362
2024-05-24,2.9237,2.9432,2.7187,2.8685,41668130.58,47.20793725001299,-0.033326033578356284,-0.04000860189949094,2.974168,2.8775473854162232,-56.16105809113034
2024-05-25,2.8682,3.1,2.842,3.0923,53890231.77,51.99565443295073,-0.01226580798967225,-0.0344600431175272,2.9716359999999997,2.8859690565763714,29.33201230742617
2024-05-26,3.0925,3.2459,2.92,2.9512,58038493.5,49.53203743700504,-0.006881690414610286,-0.028944372576943815,2.9593039999999995,2.8885271327890627,7.697613451922991
2024-05-27,2.9517,3.4496,2.9423,3.4008,90906811.44,57.42968838956997,0.03328058620875307,-0.016499380819804437,2.95214,2.9086162648365503,56.63192815299383
2024-05-28,3.4004,3.8457,3.1651,3.775,122519320.19,67.77877536362004,0.09421820366342493,0.005644136076841437,2.9435900000000004,2.942592097588058,34.77463156967593
2024-05-29,3.7753,4.08,3.6687,3.6785,87934825.71,62.02178482705906,0.1331896338212064,0.031153235625714433,2.945446,2.9714512310159775,-28.2277884225665
2024-05-30,3.6786,3.8028,3.3165,3.3668,83709220.16,59.6354549463472,0.1373400177474311,0.05239059205005777,2.940358,2.9869551043094686,-4.805383436973665
2024-05-31,3.3663,3.5572,3.18,3.3051,54836566.08,59.35191280813401,0.1341046773164396,0.06873340910333414,2.937348,2.9994313747287054,-34.491605613830146
2024-06-01,3.3056,3.4523,3.262,3.2765,30206442.42,64.26421669570728,0.12776012652501967,0.08053875258767125,2.949712,3.010296811013854,-44.91551061761889
2024-06-02,3.2765,3.3563,3.1003,3.1999,45977303.35,62.97733623098417,0.11522282745453394,0.0874755675610438,2.9671639999999995,3.0177322301897815,52.21025604643184
2024-06-03,3.2,3.5151,3.07,3.2657,68285558.8,59.4059827241394,0.10933607943686541,0.09184766993620813,2.9712440000000004,3.027456456456849,48.520147604524524
2024-06-04,3.2652,3.5037,3.2001,3.4103,43735468.37,63.59958720330238,0.11501300244938317,0.09648073643884314,2.984478,3.0424699287526593,-35.95209713653248
2024-06-05,3.411,3.588,3.355,3.3925,46022580.65,58.30552465702633,0.11673010164780129,0.10053060948063477,2.998748,3.056196598213339,5.229422172071274
2024-06-06,3.3931,3.4525,3.2196,3.233,32108157.72,57.00561899583107,0.10402150299530533,0.10122878818356888,3.01498,3.0631300649500712,-30.233904169387337
2024-06-07,3.233,3.353,2.5392,2.8594,77647674.35,49.81980911647064,0.06307634447274779,0.09359829944140467,3.020834,3.055140650638304,141.831608736722
2024-06-08,2.8593,2.9354,2.65,2.7074,53525300.51,42.15546406880529,0.018152629453960678,0.07850916544391587,3.016572,3.0415037623779786,-31.066447310794445
2024-06-09,2.7078,2.8156,2.642,2.7756,40502913.76,46.31154427827256,-0.011810425098695454,0.0604452473353936,3.011592,3.0310761638533523,-24.329404274091015
2024-06-10,2.7757,2.9178,2.6467,2.6937,47058244.7,32.434043821732004,-0.04168449433398269,0.04001929900151834,3.0069,3.0178457260551816,16.184837907819706
2024-06-11,2.6932,2.7357,2.3899,2.5458,78190106.58,15.595611285266457,-0.07641335775953229,0.01673276764930822,2.9996619999999994,2.999334128954979,66.15602022231822
2024-06-12,2.5458,2.907,2.4364,2.6653,88623014.86,22.00176854205813,-0.09321901021248946,-0.0052575879230513135,2.992674,2.9862347513489014,13.343003017044875
2024-06-13,2.6652,2.6652,2.3561,2.386,59085235.21,22.402926280247613,-0.12760384891252752,-0.029726840120946556,2.978374,2.9626961336489446,-33.32969398148051
2024-06-14,2.3869,2.4913,2.2094,2.3417,73539185.26,22.624460104569224,-0.15662326557024953,-0.055106125210807155,2.962246,2.938343344094084,24.462879767894563
2024-06-15,2.3411,2.4641,2.3058,2.4201,33365592.64,26.33469658450315,-0.1713202641987177,-0.07834895300838926,2.9537100000000005,2.9180200756982377,-54.6288247251653
2024-06-16,2.4202,2.6387,2.3616,2.6072,39278135.93,34.564300223969994,-0.16595728290536726,-0.09587061898778487,2.950522,2.9058310531218368,17.7204803576958
2024-06-17,2.6071,2.6441,2.2275,2.3088,71347784.78,27.772357723577244,-0.18366825445154156,-0.11343014608053623,2.943668,2.882418070646471,81.64758354916157
2024-06-18,2.3088,2.3281,1.8809,2.0661,138800315.39,20.136852394916914,-0.21481196999966556,-0.1337065108643621,2.9295839999999997,2.8504055972877858,94.54046936143709
2024-06-19,2.0665,2.1642,1.9728,2.0276,70503786.62,19.95333069167438,-0.23983554235218874,-0.15493231716192746,2.92007,2.818138711119637,-49.20488010283043
2024-06-20,2.0278,2.19,1.9473,1.9528,85284133.09,20.726241653708968,-0.2626746882995823,-0.17648079138945844,2.9068859999999996,2.784203859703181,20.96390446326357
2024-06-21,1.9524,1.9846,1.7368,1.7605,104870459.15,22.60010970927044,-0.2929153332634997,-0.1997676997642667,2.887454,2.7440586103030564,22.965967232533902
2024-06-22,1.7605,1.8193,1.704,1.742,55392939.04,24.211988460305605,-0.31474586326926346,-0.22276333246526606,2.8601099999999997,2.7047621942127407,-47.179654319268806
2024-06-23,1.7427,1.806,1.5739,1.5856,78656622.03,19.64285714285714,-0.3407390607009102,-0.24635847811239492,2.8239739999999993,2.660873480714202,41.997560326598624
2024-06-24,1.5855,1.86,1.478,1.8274,170333640.39,29.567432426057835,-0.3379321463160081,-0.2646732117531176,2.7961180000000003,2.62818824617639,116.55346491365206
2024-06-25,1.8274,2.088,1.8078,2.04,133775326.06,38.42351002471849,-0.3149223741191074,-0.27472304422631555,2.7696819999999995,2.605122040443983,-21.462768156833366
2024-06-26,2.0399,2.165,1.9085,2.0076,100598918.24,34.321811680572125,-0.29589053123983655,-0.2789565416290198,2.749846,2.581689803563827,-24.800094903240943
2024-06-27,2.0078,2.2625,1.9647,2.1169,119641787.33,43.019455252918284,-0.2688884830439422,-0.27694292991200425,2.73664,2.563462752443677,18.92949688044281
2024-06-28,2.1168,2.1483,1.8952,1.983,72392319.66,41.108522135739435,-0.25535025744266937,-0.27262439541813727,2.7138440000000004,2.540699507249807,-39.49244551126182
2024-06-29,1.9825,2.1778,1.9825,2.091,58941280.11,41.960228660771,-0.23321802647366452,-0.26474312162924274,2.6961440000000003,2.523064232455697,-18.58075499331222
2024-06-30,2.0914,2.2176,1.9185,2.1991,85248470.09,39.63002490217004,-0.20459684236434583,-0.25271386577626337,2.67997,2.5103597527515524,44.63287857152718
2024-07-01,2.1992,2.3552,2.1632,2.2713,86181391.25,48.92334194659776,-0.17408170561357617,-0.23698743374372594,2.665956,2.5009848604867857,1.0943553110279503
2024-07-02,2.2713,2.37,2.1577,2.2054,55238163.97,54.451332523806485,-0.15344697789586714,-0.2202793425741542,2.6498779999999997,2.4893932973304413,-35.90476648286878
2024-07-03,2.2062,2.2071,1.7923,1.81,103941477.24,44.33805162364696,-0.167073365263521,-0.20963814711202758,2.63038,2.462750422925326,88.16968155648857
2024-07-04,1.8098,1.8968,1.7018,1.7286,117439546.45,44.18628772948863,-0.18233878710127227,-0.20417827510987654,2.6039639999999995,2.433960210261588,12.986220292822171
2024-07-05,1.7282,1.9864,1.4855,1.9212,188503858.06,54.166450609281824,-0.1768568379758495,-0.19871398768307114,2.5855400000000004,2.413851966721918,60.51139821138163
2024-07-06,1.921,2.0651,1.8784,2.0074,88115696.26,56.6476304979461,-0.16367004777244576,-0.19170519970094607,2.569814,2.397912673909294,-53.255229273899985
2024-07-07,2.0071,2.017,1.6458,1.6664,109502446.43,51.852531181217905,-0.17867561045898217,-0.1890992818525533,2.55202,2.3692259023834397,24.27121509304635
2024-07-08,1.6665,1.8181,1.5571,1.656,166380887.6,45.603775520673025,-0.18922554577796058,-0.18912453463763476,2.534518,2.3412562591527166,51.942621397376556
2024-07-09,1.656,1.75,1.6114,1.7028,97260750.89,40.54720789414667,-0.19160141480818083,-0.189619910671744,2.512102,2.3162187587937866,-41.54331528521068
2024-07-10,1.7028,1.7834,1.6028,1.6471,81413896.9,40.024351098566605,-0.19572266359472734,-0.1908404612563407,2.4900160000000002,2.28997880746854,-16.293164349432665
2024-07-11,1.647,1.7345,1.4961,1.5434,88198311.98,34.08094154221952,-0.20499346918424677,-0.19367106284192193,2.4602019999999998,2.2607012071756563,8.333239579887985
2024-07-12,1.5432,1.6203,1.5215,1.5675,68427844.47,37.71800177357375,-0.20799830582350842,-0.19653651143823922,2.433076,2.233516846109944,-22.415925051358343
2024-07-13,1.5674,1.6441,1.5634,1.6023,44766888.12,34.9008218500896,-0.20520610312408682,-0.19827042977540876,2.4077520000000003,2.208763244301711,-34.57796534913998
2024-07-14,1.6022,1.763,1.5999,1.7321,75853053.68,35.76219512195122,-0.19032553288238496,-0.19668145039680401,2.380548,2.1900705680545856,69.44008588819466
2024-07-15,1.7314,2.1768,1.7251,2.1585,117503759.15,47.171798214822985,-0.1424831996972069,-0.1858418002568846,2.364694,2.188832506562249,54.909728019271476
2024-07-16,2.1583,2.305,2.0613,2.2037,135894836.86,49.95692931340258,-0.09977045204845258,-0.1686275306151982,2.340752,2.1894155455205926,15.651480295641251
2024-07-17,2.2037,2.2999,2.0951,2.17,78203846.7,61.16763866484675,-0.06785738249973106,-0.1484735009921048,2.308652,2.1886541515786084,-42.45267259081649
2024-07-18,2.1701,2.4965,2.1701,2.4392,123075053.48,69.74327628361857,-0.02060631795301493,-0.12290006438428683,2.2838659999999997,2.1984794789676827,57.377237403847545
2024-07-19,2.4393,2.5865,2.3097,2.5452,101096811.78,68.21366024518389,0.025104417152851166,-0.09329916807685923,2.267434,2.212076362145421,-17.857592646564658
2024-07-20,2.5452,2.68,2.4575,2.6386,54944833.34,68.34670387164283,0.06808229317992165,-0.06102287582550306,2.254104,2.228802779316189,-45.651269933648145
2024-07-21,2.639,2.8449,2.4021,2.8221,70352737.65,86.97766685864208,0.1156167283215872,-0.02569495499608501,2.245016,2.252069336990064,28.042498945543272
2024-07-22,2.822,2.8952,2.677,2.739,59705414.94,83.11116546410665,0.14491217775370036,0.008426471553872064,2.235798,2.271164657108101,-15.134198135927136
2024-07-23,2.738,2.779,2.501,2.555,67242098.95,74.03813607130769,0.15153496944263578,0.03704817113162481,2.221584,2.2822954548685677,12.623116374911515
2024-07-24,2.555,2.683,2.452,2.498,51546825.26,73.98387733243138,0.15044986356425039,0.05972850961814993,2.203338,2.2907544566384277,-23.341439269572362
2024-07-25,2.498,2.579,2.32,2.515,69846712.8,78.7932669511617,0.14924130638244737,0.07763106897100942,2.185788,2.299548399515352,35.501483258563724
2024-07-26,2.515,2.676,2.503,2.667,40325766.7,80.28758746074598,0.15871903159462475,0.09384866149573248,2.174468,2.3139582662010247,-42.26533349469239
2024-07-27,2.666,2.704,2.41,2.485,47303501.88,72.49146409825205,0.14981731736946946,0.10504239267047988,2.16698,2.3206657851735337,17.303416031517127
2024-07-28,2.485,2.508,2.382,2.412,22912718.57,67.84046182104436,0.13531235816321363,0.11109638576902664,2.161072,2.3242475190882974,-51.562320632994115
2024-07-29,2.412,2.568,2.28,2.283,54291477.3,53.871027921149185,0.11211545441856119,0.11130019949893355,2.1512200000000004,2.322629969320129,136.94908630826865
2024-07-30,2.283,2.39,2.25,2.288,36527062.34,52.68830920339307,0.09306243348564402,0.10765264629627566,2.143106,2.321271931307575,-32.72044866607451
2024-07-31,2.288,2.354,2.143,2.177,39755936.04,50.21274009238999,0.0682196115754028,0.0997660393521011,2.1357299999999997,2.3156142085111995,8.839675279509486
2024-08-01,2.178,2.194,1.821,1.962,123740175.16,35.00314267756126,0.030827433593585418,0.08597831820039797,2.121664,2.301746984648015,211.24955789117928
2024-08-02,1.962,1.998,1.644,1.664,103642152.92,25.288839035333694,-0.02259182190320752,0.06426429017967689,2.107224,2.276737298975544,-16.242115557063507
2024-08-03,1.664,1.737,1.537,1.597,100612538.93,20.351816008197645,-0.06953178764111367,0.037505074615518774,2.0923299999999996,2.2500809343098367,-2.9231484532538765
2024-08-04,1.597,1.635,1.351,1.44,129915870.88,10.057222125888657,-0.11803994555381925,0.006396070581651168,2.072728,2.2183130545329806,29.12493041288564
2024-08-05,1.439,1.47,1.07,1.262,384779854.53,9.53424657534245,-0.1688991582141579,-0.02866297517751065,2.045824,2.180810581806197,196.1761730292455
2024-08-06,1.262,1.475,1.257,1.416,135329996.31,18.272980501392738,-0.19453644268349302,-0.06183766867870713,2.027968,2.15081800997066,-64.82924074200751
2024-08-07,1.416,1.777,1.369,1.607,224818608.61,26.90513219284601,-0.1971692274650687,-0.08890398043597944,2.018786,2.1294918135012226,66.12622089710895
2024-08-08,1.606,1.947,1.549,1.911,173065849.48,36.37184115523466,-0.17273429557068987,-0.10567004346292153,2.016454,2.12092350708941,-23.019784460892733
2024-08-09,1.912,1.957,1.745,1.82,100732420.64,30.34802784222738,-0.1588808954190175,-0.11631221385414073,2.013798,2.1091225852427664,-41.79532187160879
2024-08-10,1.819,1.861,1.763,1.815,42757503.19,33.06370070778564,-0.1466153437854394,-0.12237283984040045,2.014888,2.0975883662136385,-57.55338458230066
2024-08-11,1.816,1.893,1.623,1.629,80223833.74,31.27690100430415,-0.15017235781855698,-0.12793274343603175,2.012628,2.0792123518523193,87.62515992459194
2024-08-12,1.629,1.821,1.623,1.725,106574853.42,36.44314868804665,-0.1435897066158025,-0.13106413607198591,2.015416,2.065321671387523,32.84687162346527
2024-08-13,1.726,1.75,1.643,1.701,64333408.7,35.86904188733752,-0.13871053878896267,-0.13259341661538127,2.0128880000000002,2.051034547019385,-39.635470624135905
2024-08-14,1.702,1.75,1.561,1.575,75999537.67,35.61185468451244,-0.14335836412361558,-0.13474640611702815,2.003588,2.032366525567644,18.13385798411766
2024-08-15,1.575,1.605,1.426,1.477,93189885.73,37.72151898734178,-0.15318377298553876,-0.13843387949073027,1.9929759999999999,2.010587446133619,22.619016624341537
2024-08-16,1.476,1.505,1.34,1.393,84715674.26,42.30550823395798,-0.16583691356983166,-0.14391448630655054,1.9784979999999999,1.9863683305989674,-9.09348842271619
2024-08-17,1.392,1.461,1.361,1.42,58678277.67,44.85764090644973,-0.1717066172917725,-0.14947291250359496,1.9672379999999998,1.9641578078303805,-30.735040259596936
2024-08-18,1.421,1.479,1.386,1.391,60227139.42,48.46202134337728,-0.17666200776005359,-0.1549107315548867,1.953238,1.9416810310527186,2.6395828430933577
2024-08-19,1.392,1.444,1.325,1.436,72472643.52,55.958904109589035,-0.174941450346199,-0.15891687531314916,1.937976,1.9218504023839844,20.332202754317684
2024-08-20,1.435,1.622,1.414,1.555,118326686.91,54.877192982456144,-0.16210692302370644,-0.15955488485526062,1.92365,1.9074641120944165,63.27083043044488
2024-08-21,1.554,1.61,1.469,1.561,70371655.81,48.14516129032258,-0.14972537685339238,-0.157588983254887,1.910762,1.8938772841691454,-40.52765470943582
2024-08-22,1.561,1.66,1.527,1.62,63057501.2,35.376884422110564,-0.13361191045951815,-0.15279356869581323,1.906962,1.8831369985154534,-10.393608798616105
2024-08-23,1.62,1.889,1.591,1.843,125089586.83,51.0204081632653,-0.10167558310865332,-0.14256997157838125,1.9092500000000001,1.8815629985736708,98.37384046229856
2024-08-24,1.843,2.035,1.786,1.968,101999443.55,56.13472333600642,-0.0655240379407831,-0.12716078485086163,1.9101860000000002,1.884952684904115,-18.4588852398882
2024-08-25,1.969,1.971,1.844,1.905,69285850.29,62.27758007117438,-0.04147910610908134,-0.11002444910250558,1.908138,1.8857388541235616,-32.07232522201342
2024-08-26,1.905,1.948,1.764,1.769,87527665.68,51.89003436426116,-0.03301679078670405,-0.09462291743934528,1.91019,1.8811608598442062,26.328341665214182
2024-08-27,1.768,1.824,1.549,1.572,104610208.62,45.17576664173522,-0.041725611650520245,-0.08404345628158029,1.90851,1.869036904556198,19.516735431347556
2024-08-28,1.573,1.659,1.48,1.585,130727577.47,50.40849673202615,-0.047036219317037054,-0.07664200888867165,1.906154,1.8578982024167394,24.96636723560335
2024-08-29,1.585,1.691,1.522,1.539,82018777.1,52.64505119453924,-0.05433044219744687,-0.07217969555042669,1.9039919999999997,1.8453923905572593,-37.2597743434647
2024-08-30,1.539,1.577,1.438,1.545,76085876.87,56.946983546617915,-0.05894750636645818,-0.06953325771363299,1.904024,1.8336122968099158,-7.233587770720362
2024-08-31,1.545,1.579,1.501,1.517,24384576.16,54.42922374429224,-0.06412671611293219,-0.06845194939349283,1.903014,1.8211961283075662,-67.95124514150848
2024-09-01,1.517,1.53,1.38,1.396,54686519.91,50.210614995787694,-0.07710613439164593,-0.07018278639312346,1.8988879999999997,1.8045217703347205,124.26684618659371
2024-09-02,1.396,1.56,1.384,1.541,70359697.91,54.07925407925408,-0.07482954034344025,-0.07111213718318682,1.8950660000000001,1.7941875832627707,28.660039120781565
2024-09-03,1.54,1.639,1.487,1.492,98821208.32,47.41166803615448,-0.07610195765218553,-0.07211010127698657,1.8817359999999999,1.7823370898014856,40.451439183843995
2024-09-04,1.492,1.648,1.419,1.641,107846928.35,52.94117647058823,-0.06434556713736006,-0.07055719444906128,1.870482,1.7767944588288784,9.13338359593132
2024-09-05,1.64,1.641,1.502,1.532,71296950.47,46.87943262411347,-0.0630965937466863,-0.06906507430858629,1.8577219999999999,1.7671946761297068,-33.89060628725825
2024-09-06,1.533,1.607,1.4,1.488,111359114.21,35.580828594638504,-0.06490897534947249,-0.06823385451676353,1.838698,1.7562458653010908,56.19057123187501
2024-09-07,1.489,1.536,1.461,1.479,43208224.07,28.07174887892377,-0.06630717774083528,-0.06784851916157789,1.8173739999999998,1.7453734784265384,-61.19920279850797
2024-09-08,1.48,1.593,1.47,1.571,49824653.86,35.40209790209789,-0.05930796676266281,-0.06614040868179488,1.7960219999999998,1.7385353028019683,15.31289455285405
2024-09-09,1.571,1.77,1.512,1.671,102883102.2,45.577617328519864,-0.04517117221551703,-0.06194656138853931,1.7730000000000001,1.7358868595548322,106.49035011680463
2024-09-10,1.671,1.72,1.617,1.647,49336684.3,54.01069518716577,-0.035495094753046574,-0.056656268061440765,1.7511599999999998,1.7324011003566036,-52.04588193298083
2024-09-11,1.647,1.651,1.497,1.542,87983889.66,47.906523855890946,-0.03588568825392513,-0.05250215209993764,1.7308999999999997,1.7249343905386976,78.33360897339428
2024-09-12,1.541,1.599,1.515,1.56,55944224.47,51.051051051051054,-0.03434685765485401,-0.04887109321092092,1.71214,1.7184663752234546,-36.41537708074999
2024-09-13,1.56,1.665,1.503,1.635,62990314.15,54.213483146067425,-0.026766897981452376,-0.04445025416502721,1.6945400000000002,1.7151931840382213,12.594847362266059
2024-09-14,1.636,1.646,1.544,1.567,34600798.07,52.2563176895307,-0.025947648687687952,-0.04074973306955936,1.67254,1.7093816866249576,-45.06965310951699
2024-09-15,1.567,1.597,1.483,1.502,36572683.39,55.03802281368822,-0.030195272190434386,-0.03863884089373437,1.6528800000000001,1.7012490714631947,5.698959070281351
2024-09-16,1.502,1.521,1.451,1.51,43356418.47,48.30601092896176,-0.03254090003799437,-0.03741925272258637,1.6348399999999998,1.6937491078764029,18.548639178756197
2024-09-17,1.509,1.582,1.49,1.536,48597294.94,52.46636771300448,-0.03193373211186068,-0.03632214860044124,1.6199,1.6875628683518382,12.087890685957747
2024-09-18,1.537,1.626,1.444,1.618,71323846.25,48.60606060606061,-0.024552803028857095,-0.03396827948612441,1.6065,1.6848349127301976,46.765054182663945
2024-09-19,1.618,1.82,1.591,1.774,102600018.97,63.87614678899082,-0.006045775365206341,-0.028383778661940796,1.5984399999999999,1.6883315828192094,43.850933964459315
2024-09-20,1.775,1.905,1.726,1.78,83895817.49,67.50599520383693,0.009001562836972399,-0.020906710362158156,1.5948,1.6919264227086521,-18.230212496811593
2024-09-21,1.78,1.799,1.665,1.776,47962261.29,67.91314837153196,0.02036911769238925,-0.012651544751248675,1.59704,1.6952234257396854,-42.831165217840706
2024-09-22,1.777,1.782,1.622,1.693,43178290.8,57.43902439024391,0.022422112320509058,-0.005636813336897128,1.5989600000000002,1.6951362325734232,-9.974447328648884
2024-09-23,1.693,1.79,1.675,1.743,68048172.29,54.67532467532469,0.027763665236323565,0.0010432823777470112,1.60502,1.6970132430607399,57.5981147683595
2024-09-24,1.744,2.042,1.7,1.992,133319588.61,67.33668341708542,0.051495495409838554,0.01113372498416532,1.6196200000000003,1.708581351176005,95.91942608220785
2024-09-25,1.991,2.139,1.962,2.02,95316214.89,76.03485838779957,0.07173558462943164,0.023254096913218586,1.6317,1.7207938472083186,-28.505468788364873
2024-09-26,2.02,2.296,1.985,2.211,110128387.09,79.83501374885427,0.10201217208490276,0.03900571194755542,1.6437799999999998,1.7400176179060316,15.540033998511205
2024-09-27,2.211,2.429,2.1,2.266,90413176.92,79.45845004668534,0.12895807767440437,0.056996185092925214,1.65088,1.7606443779881482,-17.902023893156795
2024-09-28,2.267,2.381,2.216,2.37,60088440.55,86.2691960252936,0.1568962307411148,0.07697619422256313,1.6618800000000002,1.7845406768905738,-33.54017346037087
2024-09-29,2.37,2.578,2.249,2.453,79313642.49,92.26666666666667,0.18361818849148737,0.09830459307634798,1.67464,1.8107547679929041,31.994842542140155
2024-09-30,2.453,2.64,2.332,2.459,109622495.91,92.25289403383793,0.20294031278603608,0.11923173701828561,1.6912399999999999,1.8361761496402413,38.21392192877966
2024-10-01,2.459,2.6,2.151,2.297,147990638.71,80.22239872915013,0.2028429422158271,0.1359539780577939,1.70268,1.8542476731837614,35.00024559876855
2024-10-02,2.297,2.495,2.097,2.206,106091461.17,73.18611987381703,0.19319579499169404,0.14740234144457393,1.71278,1.8680418820785158,-28.31204588697326
2024-10-03,2.207,2.296,1.969,2.038,102608978.86,60.312499999999986,0.1700341178788638,0.15192869673143192,1.7220399999999998,1.8747069063107311,-3.2825283690076645
2024-10-04,2.038,2.364,2.002,2.291,104524098.63,66.73215455140799,0.1701321301935541,0.15556938342385634,1.7383200000000003,1.8910321256710947,1.8664251328463166
2024-10-05,2.292,2.389,2.182,2.251,47759474.31,65.19513755598209,0.16507920958319966,0.157471348655725,1.75548,1.9051485128996792,-54.30769082347072
2024-10-06,2.252,2.587,2.216,2.563,58555448.52,74.27455357142857,0.18412801298439563,0.16280268152145916,1.77834,1.9309466104330253,22.6048849280142
2024-10-07,2.562,2.808,2.523,2.525,119577326.48,71.96629213483145,0.1939226251877897,0.1690266702547253,1.80102,1.954242821788593,104.2121262877144
2024-10-08,2.525,2.602,2.419,2.457,80043421.43,64.5403377110694,0.19396202078659908,0.17401374036110007,1.82144,1.9739587895615893,-33.0613722632545
2024-10-09,2.457,2.562,2.301,2.324,81768801.76,58.92018779342722,0.18117280627527776,0.17544555354393562,1.83682,1.9876858958532917,2.1555554462509896
2024-10-10,2.325,2.459,2.22,2.435,98440399.34,56.896551724137936,0.17794281990572092,0.1759450068162927,1.8543,2.0052276254276724,20.388702318193296
2024-10-11,2.435,2.818,2.417,2.757,106080603.84,62.9825489159175,0.19907097508734228,0.18057020047050262,1.87704,2.034708895018744,7.761248990479763
2024-10-12,2.758,2.823,2.66,2.67,63524176.14,58.004268943436486,0.20641558698077933,0.18573927777255797,1.89358,2.0596222716846757,-40.117067738591786
2024-10-13,2.669,2.864,2.594,2.665,80864049.45,55.90200445434298,0.20941873775790754,0.1904751697696279,1.9075199999999999,2.083362574755865,27.296494600394205
2024-10-14,2.665,2.974,2.592,2.829,105970621.92,59.46775844421699,0.22246771642650787,0.1968736791010039,1.9260000000000002,2.112603258098772,31.047879299593983
2024-10-15,2.83,2.863,2.55,2.647,106066643.9,58.865248226950335,0.21563751206228865,0.20062644569326088,1.94356,2.133559993075291,0.09061188682322197
2024-10-16,2.647,2.73,2.498,2.634,72337444.87,61.28691983122362,0.20679176776482588,0.20185951010757391,1.9647999999999999,2.1531850913860637,-31.8000059111892
2024-10-17,2.634,2.667,2.444,2.546,60468429.82,63.98678414096915,0.19048479695895182,0.1995845674778495,1.9840200000000001,2.168589597606218,-16.40784392001985
2024-10-18,2.546,2.73,2.536,2.66,52512800.07,61.00178890876565,0.18463193040780945,0.1965940400638415,2.00644,2.1878605937785234,-13.156666666692029
2024-10-19,2.66,2.748,2.57,2.643,25998869.9,61.85006045949212,0.17658615826195367,0.19259246370346395,2.0284,2.2057091979440715,-50.49041402221308
2024-10-20,2.643,2.748,2.57,2.716,37872846.18,55.406360424028264,0.1740934745777425,0.18889266587831968,2.05238,2.225720601946265,45.671124651460346
2024-10-21,2.717,2.784,2.485,2.501,48058816.04,49.246231155778894,0.15300554890404117,0.181715242483464,2.07448,2.236515872458176,26.895179231021295
2024-10-22,2.5,2.56,2.37,2.425,42614764.29,49.00000000000001,0.12867733877331755,0.1711076617414347,2.09216,2.2439074068715814,-11.327894023583196
2024-10-23,2.425,2.556,2.33,2.508,54972416.71,55.93548387096774,0.11477144948259888,0.15984041928966758,2.11248,2.2542639791511276,28.998523459860735
2024-10-24,2.509,2.607,2.463,2.553,41817403.18,53.97574123989217,0.10615832881912901,0.1491040011955599,2.13072,2.2659791172236323,-23.93020776109881
2024-10-25,2.554,2.598,2.196,2.314,77472868.24,34.18986438258389,0.07913484876861387,0.13511017071017067,2.14636,2.267862289097215,85.26465621627344
2024-10-26,2.314,2.407,2.245,2.361,34801469.92,38.64805290227776,0.060810072674693405,0.12025015110307521,2.16382,2.271514748348305,-55.07915130728094
2024-10-27,2.362,2.52,2.332,2.49,26070458.45,44.107744107744125,0.05605066037689621,0.10741025295783942,2.18404,2.2800827974326854,-25.088053723220437
2024-10-28,2.491,2.543,2.247,2.466,67967934.88,36.50557620817846,0.04976849221905599,0.09588190081008274,2.20194,2.2873736681215995,160.7086293106595
2024-10-29,2.467,2.699,2.442,2.615,55499389.68,48.780487804878064,0.05616544318121486,0.08793860928430917,2.22082,2.3002217595678114,-18.344746271920265
2024-10-30,2.615,2.675,2.521,2.577,34820265.56,47.868362004487665,0.05750589828625419,0.08185206708469818,2.23942,2.311075808212211,-37.26009283927678
2024-10-31,2.578,2.599,2.347,2.382,36147223.39,44.32132963988921,0.04234521897212584,0.07395069746218372,2.2562200000000003,2.313857149066634,3.8108779719484565
2024-11-01,2.383,2.434,2.178,2.197,57762785.6,34.719471947194734,0.015226792512656129,0.0622059164722782,2.2689600000000003,2.3092745157699035,59.79867935300356
2024-11-02,2.197,2.246,2.116,2.179,27699350.2,34.696569920844354,-0.007629260041203789,0.04823888116958181,2.27984,2.3041657112299077,-52.04637395465221
2024-11-03,2.179,2.184,1.961,2.078,51777044.48,29.33937823834198,-0.03350646064561014,0.03188981280654342,2.29006,2.295296467652264,86.92512317491115
2024-11-04,2.078,2.136,1.878,1.923,50850831.02,30.525606469002696,-0.06576345302062281,0.012359159641110175,2.2984799999999996,2.280696606175705,-1.7888496133798504
2024-11-05,1.923,2.179,1.922,2.103,59375196.5,39.861460957178856,-0.07592760997516956,-0.005298194282145773,2.31034,2.2737281118158736,16.763473298297328
2024-11-06,2.103,2.514,2.101,2.407,132874536.62,47.20840243228304,-0.05877499664924324,-0.015993554755565267,2.32776,2.278954460372114,123.78795263439675
2024-11-07,2.407,2.483,2.27,2.388,67108059.75,45.37296690970275,-0.04618220846910992,-0.022031285498274197,2.3431599999999997,2.2832307560437957,-49.49516931003992
2024-11-08,2.389,2.512,2.198,2.318,84068049.52,50.12391573729864,-0.041373816493573745,-0.025899791697334106,2.35404,2.284594255806784,25.272657014942233
2024-11-09,2.317,2.543,2.265,2.486,69966237.09,53.60230547550432,-0.023733351937315295,-0.025466503745330344,2.36816,2.2924925202849495,-16.77428287026588
2024-11-10,2.487,2.874,2.443,2.744,166722381.12,56.81330472103004,0.0109391869821156,-0.018185365599841154,2.38752,2.31019869596005,138.28976382642847
2024-11-11,2.745,3.222,2.731,3.125,199322816.27,64.83565961278703,0.06837278087076237,-0.0008737363057204489,2.4161599999999996,2.342151688275342,19.55372453955988
2024-11-12,3.125,3.3755,2.817,3.25,154125188.03,64.45152480655439,0.1225629438220297,0.023813599719829583,2.4463,2.3777535828527796,-22.675591829274534
2024-11-13,3.25,4.8298,2.869,4.163,254662976.67,75.81380208333334,0.23645480432433885,0.06634184064073144,2.48972,2.447763246270318,65.23125124780422
2024-11-14,4.164,4.356,3.534,3.59,154349938.84,67.5072463768116,0.2772822756087767,0.1085299276343405,2.52112,2.4925568444557955,-39.39050707005152
2024-11-15,3.59,3.965,3.365,3.895,98001577.67,73.78151260504201,0.33044018301842115,0.15291197871115664,2.5548,2.5475546152614506,-36.50688921128179
2024-11-16,3.895,3.969,3.557,3.604,52092224.23,68.54020296643247,0.34510874086907206,0.19135133114273972,2.58156,2.5889838460355112,-46.845524869599785
2024-11-17,3.603,3.945,3.373,3.615,90382686.9,70.47695177191581,0.3535458304572563,0.22379023100564305,2.60646,2.6292197736419616,73.50514061549414
2024-11-18,3.616,3.721,3.366,3.451,76236995.32,70.30834662413609,0.34304445243709036,0.24764107529193252,2.62642,2.6614464491854144,-15.650886320353475
2024-11-19,3.451,3.561,3.189,3.289,66621671.01,65.8386752136752,0.31798446165277694,0.2617097525641014,2.6430200000000004,2.686056392354614,-12.612412477223522
2024-11-20,3.289,3.368,3.029,3.049,56383661.53,58.722826086956516,0.2755815120450924,0.26448410446029963,2.6580600000000003,2.700289475007374,-15.36738620450282
2024-11-21,3.048,3.387,2.974,3.265,76461071.27,61.310291462470985,0.25645006705850104,0.26287729697993995,2.6792399999999996,2.7224349857913985,35.60855963445621
2024-11-22,3.265,3.439,3.04,3.209,68743876.77,61.5324877038571,0.2340712988546647,0.2571160973548849,2.7026600000000003,2.7415159667407556,-10.092971981453115
2024-11-23,3.21,3.575,3.132,3.271,75727107.66,60.44716529145594,0.21881646565958235,0.2494561710158244,2.72226,2.762280046476412,10.158331502548457
2024-11-24,3.272,3.473,3.008,3.169,52541850.38,55.90113857261871,0.1962342861972295,0.23881179405210542,2.7406200000000003,2.7782298485753762,-30.616853061518334
2024-11-25,3.17,3.655,3.061,3.182,109884855.83,50.88153417878131,0.17734244432561708,0.22651792410680777,2.7529999999999997,2.7940639721606555,109.13777309949393
2024-11-26,3.182,3.378,2.902,3.013,72220601.03,46.38388770216662,0.1470386657159417,0.21062207242863457,2.76276,2.8026496987425906,-34.27611067558699
2024-11-27,3.013,3.179,2.958,3.115,42247259.06,28.751013787510146,0.12975748685404875,0.19444915531371743,2.7759199999999997,2.8148987301644497,-41.50248203770729
2024-11-28,3.115,3.216,2.98,3.077,26845202.25,36.716727084412234,0.11170804487559671,0.1779009332260933,2.7909800000000002,2.8251772113344713,-36.45693745037006
2024-11-29,3.078,3.33,3.054,3.286,43548523.4,33.40599455040872,0.11296608270016462,0.1649139631209076,2.8080000000000003,2.8432486932429235,62.220880269210866
2024-11-30,3.287,3.31,3.158,3.178,27872361.48,37.106537530266344,0.10404897748921194,0.15274096599456846,2.81642,2.856376195468691,-35.99699988909383
2024-12-01,3.179,3.449,3.051,3.438,58427767.43,45.34455549710678,0.11661763890525467,0.1455163005767057,2.83178,2.8791849721169775,109.6261828116905
2024-12-02,3.437,3.472,2.994,3.119,66660293.55,41.92607003891051,0.09968861136619678,0.13635076273460392,2.8408599999999997,2.888589483014351,14.09009188972188
2024-12-03,3.119,3.365,2.92,3.277,86115727.3,49.707602339181285,0.0978930643043574,0.12865922304855462,2.8498200000000002,2.9038212679941804,29.185940706077183
2024-12-04,3.278,3.43,3.109,3.194,59178470.77,53.82585751978891,0.08874962356582916,0.12067730315200953,2.8607599999999995,2.9152008261120557,-31.280298471101688
2024-12-05,3.194,3.443,3.036,3.346,72607481.81,52.21190606226106,0.09269992357335477,0.11508182723627859,2.875,2.9320949113625634,22.692392799726946
2024-12-06,3.347,3.602,3.269,3.484,71826612.25,57.18766335598536,0.1057470255898112,0.11321486690698512,2.8937600000000003,2.9537382481718746,-1.075467073824965
2024-12-07,3.485,4.014,3.401,3.879,69506232.98,63.53517364203028,0.1462739912654989,0.11982669177868788,2.91814,2.9900230227533697,-3.230528626247431
2024-12-08,3.88,3.932,3.639,3.717,40115854.15,61.88204683434518,0.16343587045567531,0.12854852751408538,2.9396200000000006,3.018531923821865,-42.284522653467505
2024-12-09,3.717,3.72,2.565,3.048,127622160.88,47.738014854827824,0.12165174879036478,0.12716917176934128,2.9462600000000005,3.0196875346523804,218.1339736723517
2024-12-10,3.048,3.142,2.642,2.846,98327926.28,47.21202003338899,0.07141459650226789,0.11601825671592661,2.9531600000000005,3.0128762587836597,-22.953877600885196
2024-12-11,2.845,3.133,2.756,3.046,51748412.87,48.88457807953443,0.04719557865259416,0.10225372110326013,2.96558,3.0141752290274377,-47.37160150958489
2024-12-12,3.047,3.197,2.931,2.947,45450895.56,47.93912492073557,0.019785287418204067,0.08576003436624892,2.9743600000000003,3.011540906320479,-12.169488803106542
2024-12-13,2.948,3.004,2.846,2.958,31424700.34,44.45196211096076,-0.001037992465357629,0.06840042899992761,2.9824600000000006,3.0094412629353626,-30.860107479035126
2024-12-14,2.957,2.978,2.757,2.844,26274774.44,44.36191762322755,-0.026434716106719325,0.04943339997859823,2.99306,3.0029533702712308,-16.38814640801758
2024-12-15,2.844,2.89,2.701,2.855,23031755.15,39.25543678584592,-0.04515369085585785,0.03051598181170702,3.0029399999999997,2.9971512773194178,-12.342710295784375
2024-12-16,2.856,2.928,2.632,2.745,42092654.42,42.531948881789134,-0.06807991106266575,0.010796803236832466,3.00804,2.9872629919343425,82.75921286007595
2024-12-17,2.745,2.873,2.671,2.711,45175466.54,38.109243697478995,-0.08797846067127413,-0.008958249544788853,3.0129400000000004,2.976429149113388,7.323871973574625
2024-12-18,2.712,2.784,2.236,2.306,91925244.56,33.56772760917839,-0.13487358118318937,-0.03414131587246896,3.00676,2.950137809932471,103.48488150887398
2024-12-19,2.305,2.326,2.024,2.067,117902378.3,27.070634636070267,-0.18914327866479574,-0.06514170843093432,2.99656,2.9155049546410017,28.258977024580666
2024-12-20,2.067,2.161,1.725,2.107,124019802.49,24.41471571906355,-0.22631591026816533,-0.09737654879838054,2.99106,2.8837988779884136,5.1885502889808865
2024-12-21,2.107,2.253,1.858,1.889,60399447.13,10.42163882259348,-0.2702509816352703,-0.13195143536575848,2.9849,2.8447871572829855,-51.298545944007486
2024-12-22,1.89,2.042,1.814,1.918,62263321.12,12.22175556488871,-0.29927987251678845,-0.1654171227959645,2.97968,2.808442562879731,3.0859123362310115
2024-12-23,1.918,2.052,1.846,2.031,62323185.4,22.13698630136986,-0.30959846369157606,-0.19425339097508681,2.9787399999999997,2.777954619237389,0.09614694321335993
2024-12-24,2.03,2.099,1.949,2.051,35430264.54,25.80645161290323,-0.31255920078075006,-0.21791455293621947,2.9813,2.74944659495357,-43.15074829278544
2024-12-25,2.05,2.083,1.942,1.98,25443122.03,14.79524438573317,-0.31698075604114884,-0.23772779355720536,2.97884,2.7192722186808806,-28.188168052554985
2024-12-26,1.981,2.009,1.816,1.84,28491693.3,14.405144694533789,-0.32800071237290096,-0.2557823773203445,2.9675,2.684790955203199,11.981907198359654
2024-12-27,1.839,1.936,1.797,1.827,26987240.34,13.680154142581898,-0.3339337184747255,-0.2714126455512207,2.95628,2.6511520942148388,-5.2803213349204565
2024-12-28,1.828,1.975,1.8,1.926,26197478.18,20.23346303501947,-0.32687913672003255,-0.28250594378498306,2.9484400000000006,2.622714757186806,-2.92642800838524
2024-12-29,1.926,1.953,1.817,1.835,17193025.15,18.557336621454994,-0.32488618364475963,-0.2909819917569384,2.9354199999999997,2.5918239823951663,-34.37144967974166
2024-12-30,1.835,1.936,1.782,1.826,35546565.16,19.789612097304413,-0.3203402952394061,-0.2968536524534319,2.9170599999999998,2.561791669360062,106.74991660789841
2024-12-31,1.827,1.954,1.735,1.863,55812605.94,22.178477690288716,-0.3101765331527111,-0.2995182285932878,2.8918199999999996,2.534388074483197,57.01265562166065
2025-01-01,1.862,1.92,1.761,1.858,30720320.46,30.071174377224196,-0.2990775567810535,-0.29943009423084094,2.8639799999999997,2.507863051954444,-44.958096934185185
2025-01-02,1.858,2.055,1.852,2.025,44225935.93,48.003802281368806,-0.2736515490051843,-0.29427438518570964,2.8212200000000003,2.488927245995446,43.963133417131026
2025-01-03,2.026,2.224,1.947,2.166,53709035.24,52.55854293148307,-0.23936448822346135,-0.28329240579326,2.7927400000000002,2.476263432426997,21.44239372346959
2025-01-04,2.166,2.181,2.091,2.177,21604077.96,65.22198731501058,-0.20889611310133116,-0.2684131472548742,2.75838,2.464527611547507,-59.7757102441671
2025-01-05,2.178,2.198,2.075,2.103,21027854.0,59.33400605449043,-0.18854743044893496,-0.25244000389368637,2.7283600000000003,2.450350058153487,-2.667199965982725
2025-01-06,2.104,2.16,2.024,2.085,37202868.4,53.01339285714285,-0.17189193913496137,-0.23633039094194136,2.69776,2.436022604892566,76.92185041802173
2025-01-07,2.085,2.1,1.841,1.853,50697432.99,41.06498194945847,-0.17539100503842997,-0.2241425137612391,2.6658000000000004,2.413158973328152,36.27291434872264
2025-01-08,1.853,1.887,1.658,1.709,56557577.09,38.526672311600336,-0.18762086003358647,-0.21683818301570856,2.6342000000000003,2.3855448959427346,11.559054875926167
2025-01-09,1.708,1.734,1.493,1.542,88184420.73,37.66556291390728,-0.20838646312057785,-0.21514783903668244,2.6040599999999996,2.3524647039449804,55.919728650455156
2025-01-10,1.541,1.634,1.515,1.558,68411008.29,38.8934764657308,-0.22100468248365557,-0.2163192077260771,2.56992,2.3213092253589025,-22.422795632509217
2025-01-11,1.558,1.643,1.527,1.577,28949005.38,34.57117595048629,-0.2268565103893867,-0.21842666825873905,2.53728,2.2921206282860043,-57.68370310040931
2025-01-12,1.577,1.592,1.524,1.545,22725091.0,36.47388059701492,-0.23140872301764492,-0.22102307921052025,2.50276,2.2628217801179256,-21.499579340642615
2025-01-13,1.544,1.594,1.355,1.491,92550805.92,35.00447627573858,-0.23664582723616423,-0.22414762881564906,2.4692,2.232554259328987,307.26264163254615
2025-01-14,1.491,1.576,1.473,1.553,38119866.38,36.42732049036777,-0.23310628407704237,-0.22593935986792774,2.43662,2.2059050726886347,-58.811956307597754
2025-01-15,1.553,1.783,1.502,1.771,68643901.69,46.78966789667896,-0.2102863424671655,-0.2228087563877753,2.4117800000000003,2.1888499717988843,80.07382556307898
2025-01-16,1.772,1.85,1.705,1.762,66092898.73,39.014202172096915,-0.19072899399826304,-0.21639280390987287,2.38472,2.172110757218536,-3.71628490979502
2025-01-17,1.763,1.92,1.75,1.873,56896604.06,37.44644387317909,-0.16437803444002608,-0.20598985001590353,2.36064,2.1603809236021227,-13.914194787504053
2025-01-18,1.873,1.99,1.741,1.77,105806840.19,33.83637807783954,-0.15007596601758943,-0.19480707321624072,2.33032,2.1450718677745884,85.96336624664272
2025-01-19,1.771,1.823,1.5,1.536,172418875.94,30.021141649048616,-0.15582704100265943,-0.18701106677352447,2.2974799999999997,2.1211866964893105,62.95626599412958
2025-01-20,1.536,1.605,1.359,1.391,190568875.67,27.554980595084075,-0.17012401381429365,-0.18363365618167832,2.2565399999999998,2.092551924077965,10.52668951183513
2025-01-21,1.391,1.525,1.312,1.454,83032347.48,35.5119825708061,-0.17436096956341673,-0.181779118858026,2.2232399999999997,2.0675106721533387,-56.42921899597939
2025-01-22,1.453,1.489,1.394,1.417,51663465.27,38.50393700787401,-0.17864506914391587,-0.18115230891520398,2.1860399999999998,2.042000449715953,-37.77911038533003
2025-01-23,1.417,1.463,1.344,1.418,72178081.55,44.38405797101449,-0.1798859440956584,-0.18089903595129486,2.1505199999999998,2.0175298438447395,39.70816934711587
2025-01-24,1.418,1.476,1.261,1.285,51649407.33,38.820638820638806,-0.18941784391146066,-0.18260279754332803,2.1093,1.9888031833018085,-28.441701108083826
2025-01-25,1.286,1.331,1.224,1.279,69439382.37,37.66556291390728,-0.19520588115846849,-0.18512341426635615,2.0652,1.9609677643487966,34.44371573585685
2025-01-26,1.279,1.306,1.205,1.211,33940454.41,36.57556270096463,-0.2029406011536059,-0.1886868516438061,2.0118400000000003,1.9315572637860987,-51.122182756246204
2025-01-27,1.211,1.211,1.079,1.182,103960436.13,37.325676784249374,-0.2090012438716926,-0.19274973008938343,1.96114,1.902162861284683,206.3024285831888
2025-01-28,1.183,1.207,0.976,1.057,150264201.61,30.65522620904835,-0.22133934008818001,-0.19846765208914274,1.9213200000000001,1.8690192196656759,44.539795333388454
2025-01-29,1.057,1.377,1.054,1.185,324469956.88,25.419463087248317,-0.21827272783513507,-0.20242866723834124,1.8881000000000001,1.8421949365415318,115.93297232706065
2025-01-30,1.185,1.263,1.152,1.154,93986522.24,24.958813838550242,-0.21585560737665133,-0.2051140552660033,1.8502599999999998,1.815206899814413,-71.03382909661514
2025-01-31,1.154,1.318,1.109,1.136,153544238.35,17.127564674397846,-0.21293785650602537,-0.2066788155140077,1.8140400000000003,1.7885713351158086,63.36835823961646
2025-02-01,1.135,1.177,0.995,1.008,90391742.32,16.753926701570677,-0.21843605332811578,-0.20903026307682931,1.77504,1.7579606945230317,-41.129837699312155
2025-02-02,1.008,1.069,0.873,0.949,213622288.99,19.77342945417095,-0.22496101034453297,-0.21221641253037005,1.73714,1.726236745718207,136.32942955535236
2025-02-03,0.949,0.95,0.631,0.86,499988367.96,20.983606557377044,-0.23460921301728677,-0.21669497262775342,1.6972399999999999,1.6922666772586696,134.05252809710566
2025-02-04,0.86,0.891,0.746,0.803,177093272.88,14.191419141914196,-0.24404174544731005,-0.22216432719166476,1.6584,1.6573934742289178,-64.58052142241681
2025-02-05,0.802,0.854,0.77,0.795,107069788.11,14.659090909090907,-0.2492889803090399,-0.2275892578151398,1.6200800000000002,1.6235741222983722,-39.54045437821263
2025-02-06,0.794,0.82,0.701,0.712,106703352.28,13.30561330561332,-0.2571802443139958,-0.233507455114911,1.5881999999999998,1.5878261175023576,-0.34224017481340185
2025-02-07,0.711,0.783,0.646,0.678,109670697.06,14.831981460023187,-0.2631442802801123,-0.23943482014795128,1.56042,1.5521466619140298,2.780929292843015
2025-02-08,0.678,0.738,0.659,0.718,77656426.54,18.729096989966564,-0.26162727962359267,-0.24387331204307958,1.53264,1.5194350281134799,-29.191271121843265
2025-02-09,0.717,0.736,0.611,0.642,88410506.25,18.563535911602216,-0.2635199169482727,-0.2478026330241182,1.5076999999999998,1.4850258113247161,13.848280418183645
2025-02-10,0.642,0.689,0.617,0.658,97266317.37,20.627802690582968,-0.26072332320609015,-0.2503867710605126,1.4825,1.452593426566884,10.016695408301658
2025-02-11,0.657,0.698,0.61,0.627,124892650.73,23.057644110275703,-0.2580339882433421,-0.2519162144970785,1.4544199999999998,1.4202172137603395,28.40277508904725
2025-02-12,0.627,0.633,0.55,0.605,211712382.68,8.092485549132945,-0.25474138691078063,-0.25248124897981894,1.4254999999999998,1.388247911259934,69.51548505259272
2025-02-13,0.605,0.627,0.571,0.591,102491040.7,8.296296296296305,-0.25037548687061684,-0.2520600965579785,1.3977200000000003,1.3569832872889562,-51.58949164777309
2025-02-14,0.591,0.798,0.584,0.729,266645900.02,24.40251572327044,-0.2330930810058659,-0.248266693447556,1.3755000000000002,1.3323564917089972,160.16508194164527
2025-02-15,0.728,0.729,0.675,0.687,95440298.51,27.362482369534547,-0.22024683047358673,-0.24266272085276216,1.3527,1.307048393994919,-64.20710068940065
2025-02-16,0.687,0.705,0.645,0.658,68376150.82,28.57142857142857,-0.20998555919646122,-0.236127288521502,1.3273400000000002,1.2815955157990397,-28.35714903716934
2025-02-17,0.659,0.702,0.616,0.631,103862848.86,31.44246353322528,-0.20170694997140326,-0.22924322081148227,1.3032600000000003,1.2560819661598617,51.8992333063887
2025-02-18,0.632,0.639,0.576,0.615,97707834.45,33.68055555555554,-0.19419855869853553,-0.22223428838889292,1.27904,1.2309414968986907,-5.926098193490281
2025-02-19,0.615,0.64,0.596,0.609,76942353.93,33.7979094076655,-0.18658145945399762,-0.21510372260191388,1.25396,1.2065516342752127,-21.25262588910033
2025-02-20,0.609,0.648,0.599,0.646,80099803.27,43.75,-0.17553579526578134,-0.20719013713468737,1.2297200000000001,1.1845692172448123,4.103655761393199
2025-02-21,0.646,0.729,0.631,0.643,170412591.35,46.478873239436616,-0.16512069317796774,-0.19877624834334345,1.20208,1.163331208725408,112.75032446156467
2025-02-22,0.643,0.718,0.632,0.703,120738366.03,48.54932301740812,-0.15029267082223952,-0.18907953283912268,1.17282,1.1452790044616665,-29.149386748058504
2025-02-23,0.704,0.704,0.651,0.659,69715469.79,51.75257731958763,-0.1404725089102331,-0.17935812805334478,1.14246,1.126209239580817,-42.25905809204199
2025-02-24,0.658,0.668,0.535,0.556,155866063.52,41.08391608391609,-0.13939434776652182,-0.1713653719959802,1.11152,1.103848092930589,123.57457245788717
2025-02-25,0.556,0.565,0.502,0.549,235962977.07,42.88321167883212,-0.13751949960245713,-0.1645961975172756,1.0808,1.082089344188213,51.388295656624635
2025-02-26,0.549,0.593,0.536,0.579,144151486.33,47.66187050359712,-0.13209026529041268,-0.15809501107190302,1.05532,1.062360350298479,-38.909278006254134
2025-02-27,0.58,0.62,0.564,0.585,97811397.64,49.45255474452555,-0.12585265703692594,-0.1516465402649076,1.03284,1.0436403365612839,-32.14679908600843
2025-02-28,0.585,0.647,0.547,0.629,174061757.3,38.986784140969164,-0.1160214521997277,-0.14452152265187163,1.01458,1.0273799312059393,77.95651784942639
2025-03-01,0.63,0.664,0.589,0.611,108416085.62,41.16279069767441,-0.10843265693184034,-0.1373037495078654,0.99564,1.011051306452765,-37.71401179574326
2025-03-02,0.611,0.784,0.607,0.761,235990469.27,59.346642468239565,-0.08928550785378808,-0.12770010117704994,0.97932,1.0012453728663822,117.67108443404801
2025-03-03,0.761,0.79,0.632,0.643,211321106.73,50.93457943925233,-0.08267978697663847,-0.11869603833696765,0.96128,0.9871965347147593,-10.453541880869544
2025-03-04,0.644,0.649,0.537,0.574,254062314.35,47.05035971223022,-0.08206641834665929,-0.11137011433890598,0.94294,0.9709927490396708,20.225716342953582
2025-03-05,0.575,0.617,0.551,0.583,154290796.63,48.13753581661891,-0.07993268032206968,-0.10508262753553874,0.92354,0.9557773471165465,-39.27049077516994
2025-03-06,0.582,0.601,0.557,0.571,108257235.48,44.42793462109955,-0.07830729947292325,-0.09972756192301566,0.8995400000000001,0.9406880393864858,-29.83558459445359
2025-03-07,0.571,0.582,0.524,0.534,155028068.25,42.29137199434229,-0.07909302901307436,-0.09560065534102741,0.8749800000000001,0.9247394888223099,43.20342429087862
2025-03-08,0.535,0.547,0.511,0.534,82686208.7,36.93972179289027,-0.07880728402016624,-0.09224198107685518,0.8482000000000001,0.9094163716135919,-46.663717329781015
2025-03-09,0.534,0.54,0.428,0.442,134131705.21,34.38848920863309,-0.0850243523702221,-0.09079845533552856,0.82164,0.8910863178248236,62.21774745611235
2025-03-10,0.443,0.495,0.424,0.428,168596049.28,39.43894389438943,-0.09004314549496417,-0.09064739336741569,0.79948,0.8729260700669874,25.69440537272061
2025-03-11,0.428,0.474,0.395,0.448,174828089.81,41.84168012924071,-0.09135367406283945,-0.09078864950650045,0.78062,0.8562623026133801,3.696433313007219
2025-03-12,0.448,0.481,0.428,0.48,125515545.62,42.02898550724638,-0.08878666739592878,-0.09038825308438612,0.76114,0.8415069181971692,-28.206304972840446
2025-03-13,0.481,0.501,0.453,0.471,171889535.58,40.86538461538462,-0.08648161468087412,-0.08960692540368373,0.74222,0.8269772351306135,36.94680984011167
2025-03-14,0.471,0.529,0.469,0.508,116863400.53,40.19448946515397,-0.08073854928097812,-0.0878332501791426,0.72402,0.8144683239490208,-32.01249852955127
2025-03-15,0.507,0.515,0.492,0.501,68793881.61,40.92409240924092,-0.07587730374794299,-0.08544206089290268,0.7083400000000001,0.8021754485000396,-41.133082472352044
2025-03-16,0.501,0.502,0.459,0.465,77613629.59,19.918699186991873,-0.07407573184886496,-0.08316879508409514,0.69206,0.7889528818921949,12.820541265573748
2025-03-17,0.465,0.517,0.464,0.501,85193870.32,32.6829268292683,-0.0689482811376344,-0.08032469229480299,0.67786,0.7776606120140697,9.766636053542644
2025-03-18,0.501,0.502,0.45,0.481,62253584.49,37.119113573407205,-0.06574075387228129,-0.07740790461029866,0.66384,0.7660268625233219,-26.92715537377641
2025-03-19,0.481,0.523,0.477,0.517,103155339.85,41.49484536082475,-0.059606756682933026,-0.07384767502482553,0.6530400000000001,0.7562611032086818,65.70184784551671
2025-03-20,0.517,0.524,0.481,0.507,68229334.49,41.7098445595855,-0.05491935994845287,-0.070062012009551,0.63948,0.7464861579848119,-33.85768047566565
2025-03-21,0.506,0.533,0.481,0.489,74495017.66,43.8692098092643,-0.05205693390350752,-0.06646099638834231,0.6261800000000001,0.7363886615932507,9.18326877557092
2025-03-22,0.488,0.529,0.485,0.508,55528844.86,46.63212435233161,-0.04770538148762726,-0.06270987340819931,0.61362,0.7274322434915546,-25.459652733506044
2025-03-23,0.507,0.537,0.498,0.517,69957888.95,62.37623762376238,-0.043034445760226636,-0.058774787878604774,0.6038,0.7191799986487485,25.984772646322263
2025-03-24,0.517,0.58,0.505,0.558,119809566.5,69.6969696969697,-0.0356138044266765,-0.054142591188219125,0.59598,0.7128592143880133,71.25955099306923
2025-03-25,0.557,0.571,0.533,0.549,80609180.42,65.83072100313478,-0.03011200504082756,-0.049336473958740815,0.58976,0.7064333628433853,-32.718911540340144
2025-03-26,0.549,0.59,0.522,0.528,109905573.28,57.7922077922078,-0.027133535379084583,-0.044895886242809574,0.58426,0.6994359760652133,36.3437423719684
2025-03-27,0.528,0.561,0.509,0.52,71592643.48,57.98045602605863,-0.025128939087074142,-0.04094249681166249,0.5787599999999999,0.6923992711214795,-34.85986074827379
2025-03-28,0.52,0.527,0.453,0.461,72498911.25,42.85714285714286,-0.027978569466985403,-0.03834971134272707,0.5737399999999999,0.6833247899010294,1.265867170071977
2025-03-29,0.461,0.467,0.421,0.433,58654201.1,40.28571428571429,-0.03212595999863116,-0.037104961073907886,0.56884,0.673508131473538,-19.096438706864028
2025-03-30,0.433,0.445,0.427,0.436,35481910.57,45.42586750788644,-0.034769915999223855,-0.03663795205897108,0.5632,0.6641940871020268,-39.50661690966242
2025-03-31,0.437,0.443,0.414,0.42,63126978.83,36.363636363636374,-0.03772150641565153,-0.03685466293030717,0.5587599999999999,0.6546178483921434,77.91313324422258
2025-04-01,0.419,0.447,0.414,0.422,65433837.21,39.426523297491045,-0.039444587153130206,-0.03737264777487178,0.5540400000000001,0.6454955798277457,3.654314562102412
2025-04-02,0.423,0.431,0.369,0.374,128163088.67,25.42955326460482,-0.044174128048270145,-0.038732943829551454,0.5489799999999999,0.6348486943443048,95.86668631197641
2025-04-03,0.373,0.393,0.353,0.384,85354207.86,28.86597938144331,-0.04657847914220287,-0.04030205089208174,0.54456,0.6250114906445282,-33.40187978788979
2025-04-04,0.384,0.391,0.361,0.389,97590275.71,32.01438848920864,-0.047532560721298855,-0.041748152857925165,0.54052,0.615756138070233,14.33563518048211
2025-04-05,0.389,0.394,0.376,0.386,32363617.28,26.717557251908403,-0.04797769516963568,-0.04299406132026727,0.53366,0.6067460934400278,-66.83725192439053
2025-04-06,0.386,0.386,0.327,0.335,73101018.52,20.06578947368422,-0.05184806893776689,-0.0447648628437672,0.52662,0.5960893838933601,125.87406681877557
2025-04-07,0.335,0.361,0.304,0.343,118143679.35,10.332103321033216,-0.05365137523544494,-0.04654216532210275,0.52032,0.5861643100151891,61.61700854780374
2025-04-08,0.343,0.358,0.316,0.319,81098830.58,9.790209790209786,-0.056367340280800204,-0.048507200313842244,0.51408,0.5756872782498876,-31.355760184389414
2025-04-09,0.32,0.379,0.304,0.372,119233147.62,25.47169811320755,-0.05362495004247969,-0.04953075025956973,0.50922,0.5676995418479313,47.02203073370137
2025-04-10,0.372,0.377,0.352,0.366,73669341.93,25.632911392405063,-0.051343875638753034,-0.0498933753354064,0.50436,0.5597897558931104,-38.21404248692096
2025-04-11,0.365,0.411,0.364,0.396,86486512.02,38.67595818815332,-0.04657843129806971,-0.04923038652793907,0.49936,0.5533666282110277,17.398241594418963
2025-04-12,0.396,0.481,0.389,0.468,92000154.14,55.28700906344412,-0.036570422982171724,-0.0466983938187856,0.49585999999999997,0.5500189173007913,6.375146819107447
2025-04-13,0.467,0.478,0.437,0.445,96905478.93,51.28205128205128,-0.030147391703537474,-0.04338819339573598,0.4907,0.5459005283870348,5.331865838545657
2025-04-14,0.445,0.482,0.42,0.431,97318853.14,51.57593123209169,-0.025888351337615634,-0.03988822498411192,0.48613999999999996,0.5413946253130335,0.42657465250091064
2025-04-15,0.431,0.437,0.387,0.389,57089426.47,45.75835475578406,-0.025606899753629897,-0.037031959938015516,0.4828,0.5354183654968361,-41.337752523786065
2025-04-16,0.389,0.39,0.362,0.378,103123044.3,50.56818181818182,-0.025972065609440154,-0.03481998107230044,0.47938,0.529245096261666,80.63422717022786
2025-04-17,0.379,0.403,0.368,0.397,53305029.09,51.800554016620495,-0.024446516743087066,-0.032745288206457765,0.47574000000000005,0.5240590140553263,-48.30929454048323
